old_task_id,task_code,task_title,status,source,vertical_name,vertical_code,sub_vertical_name,priority_code,priority_label,owner_role_name,owner_user_name,sub_owner_role_name,created_by_name,deadline,frequency,description,support_needed,next_action,intervention,expected_output,created_at,updated_at,dropped_at,drop_reason,sla_due_at,sla_breached_at
cmok2pfww002rp2zxup9y0jie,RGU-011,Airport copy -2 designs,NOT_STARTED,DEPARTMENT_MEETING,RGU,RGU,,P2,Important,,,,Senior Manager,,,,,,NO,,2026-04-29 13:10:55.953,2026-04-29 13:10:55.953,,,,
cmol0zhra004xlltvdsx00o5o,RGU-033,Skill Passport Launch,COMPLETED,SELF_STRATEGY,RGU,RGU,Prelaunch,P2,Important,,,,Senior Manager,,,,,,NO,,2026-04-30 05:10:31.847,2026-06-10 06:25:56.363,,,,
cmol0kdf3001wlltvu4o07lfs,RGU-020,Temporary Entrance Arch,COMPLETED,SELF_STRATEGY,Creative,CRT,,P2,Important,,,,Senior Manager,,,,,,NO,,2026-04-30 04:58:46.383,2026-06-10 07:02:06.588,,,,
cmok35hwo0033p2zxobzj12at,RGU-015,Faculty Handbook Distribution,COMPLETED,BOSS_INSTRUCTION,Creative,CRT,,P3,Operational,Senior Manager,,,Senior Manager,,,,,,NO,,2026-04-29 13:23:25.032,2026-06-10 07:03:40.787,,,,
cmq7p8zwk0092nlrervog00t8,RAALE-004,Peer Learning Student Community,NOT_STARTED,DEPARTMENT_MEETING,RAALE - Learning Ecosystem,RAALE,,P1,Critical,Dr.Raje,,,Super Admin,2026-06-17 00:00:00,,,,,NO,,2026-06-10 06:40:24.26,2026-06-10 06:40:24.26,,,,
cmokzm8k6000l54jtfzogvob3,MKT-047,Student undertaking documentation,NOT_STARTED,SELF_STRATEGY,Marketing,MKT,Physical Marketing,P2,Important,Pandi Elavarasan,,,Senior Manager,2026-05-02 00:00:00,,,,,NO,,2026-04-30 04:32:13.782,2026-06-10 06:41:05.013,,,,
cmol0q5d60030lltvu45rxwgm,MKT-060,Visiting Cards with Envelopes / Box,NOT_STARTED,SELF_STRATEGY,Marketing,MKT,,P2,Important,,,,Senior Manager,,,,,,NO,,2026-04-30 05:03:15.883,2026-04-30 05:03:19.286,,,,
cmokznkc3000r54jt1xfx3gn3,MKT-048,Discussion with Corporate Gurukul,PARKED,SELF_STRATEGY,Marketing,MKT,Physical Marketing,P3,Operational,Arunraaj Manickaraj,,,Senior Manager,2026-05-01 00:00:00,,,,,NO,,2026-04-30 04:33:15.7,2026-06-10 06:42:55.169,,,,
cmol10dij005blltv0kazatah,RGU-035,RGU Coffee Table Book,PARKED,SELF_STRATEGY,RGU,RGU,Prelaunch,P2,Important,,,,Senior Manager,,,,,,NO,,2026-04-30 05:11:13.003,2026-06-10 06:50:50.539,,,,
cmol118h5005nlltvbyzbaqbm,RGU-037,May 15 Invitation,COMPLETED,SELF_STRATEGY,Creative,CRT,,P2,Important,,,,Senior Manager,,,,,,NO,,2026-04-30 05:11:53.129,2026-06-10 06:52:03.927,,,,
cmol10tub005hlltv7axlxwze,RGU-036,RGU Brochure,WAITING_FOR_APPROVAL,SELF_STRATEGY,Creative,CRT,,P2,Important,Udhaykumar,,,Senior Manager,,,,,,NO,,2026-04-30 05:11:34.163,2026-06-10 06:52:33.881,,,,
cmol100un0055lltvr783b2hg,RGU-034,The Pride Summit Brochure,COMPLETED,SELF_STRATEGY,Creative,CRT,,P2,Important,,,,Senior Manager,,,,,,NO,,2026-04-30 05:10:56.591,2026-06-10 06:53:25.134,,,,
cmol4k5xn008rlltv2ohqwnw3,MKT-062,Video script content for B.Com,COMPLETED,SELF_STRATEGY,Marketing,MKT,Digital Marketing,P3,Operational,,,,Senior Manager,2026-04-30 00:00:00,,,,,NO,,2026-04-30 06:50:35.147,2026-04-30 06:52:36.812,,,,
cmol0ozaa002slltvl985mqwz,RGU-024,Faculty T-Shirts,COMPLETED,SELF_STRATEGY,Creative,CRT,,P2,Important,,,,Senior Manager,,,,,,NO,,2026-04-30 05:02:21.346,2026-06-10 07:00:05.463,,,,
cmoj2rf2p003dxk85l9efx3vn,MKT-008,Flex and hoardings campaign,DROPPED,SELF_STRATEGY,Marketing,MKT,Physical Marketing,P3,Operational,Branding Team,,,Senior Manager,,Monthly,,,,NO,,2026-04-28 20:24:42.001,2026-04-29 12:56:46.97,2026-04-29 12:56:46.969,,,
cmoj2rf1e002zxk85a6knzd80,MKT-001,Weekly MRM and action-taken points review,DROPPED,SELF_STRATEGY,Marketing,MKT,Physical Marketing,P1,Critical,Marketing Head,,,Senior Manager,,Weekly,,,,NO,Action points closed weekly,2026-04-28 20:24:41.954,2026-04-29 13:02:03.986,2026-04-29 13:02:03.985,,,
cmol0lvg60024lltvu09l47i0,RGU-021,Achievement Flags,COMPLETED,SELF_STRATEGY,Creative,CRT,,P2,Important,,,,Senior Manager,,,,,,NO,,2026-04-30 04:59:56.406,2026-06-10 07:01:08.303,,,,
cmqetvye800fhnlreilr6h75j,RGU-072,OLT Training feedback to be collected (excluding food-related feedback) - Dr.Raje (CAT Team),NOT_STARTED,SELF_STRATEGY,RGU,RGU,Academic Setup,P1,Critical,,,,Senior Manager,,,,,,NO,,2026-06-15 06:24:37.089,2026-06-15 07:12:29.218,,,,
cmqeu5gct00g5nlre0t4k9fns,RGU-075,School of Commerce Assessment feedback to be collected from the students - Dr.Krishnaraj,NOT_STARTED,SELF_STRATEGY,RGU,RGU,Academic Setup,P1,Critical,,,,Senior Manager,,,,,,NO,,2026-06-15 06:32:00.269,2026-06-15 07:22:06.69,,,,
cmol4kulc008xlltv54vb97a6,MKT-063,"Webinar for Commerce hot,warm & col leads",PARKED,SELF_STRATEGY,Marketing,MKT,Physical Marketing,P1,Critical,,,,Senior Manager,2026-05-05 00:00:00,,,,,NO,,2026-04-30 06:51:07.104,2026-06-10 06:12:53.854,,,,
cmol13mem005tlltvw9p6cjar,RGU-038,Teaser video,COMPLETED,SELF_STRATEGY,Creative,CRT,,P2,Important,,,,Senior Manager,,,,,,NO,,2026-04-30 05:13:44.494,2026-05-21 04:22:51.001,,,,
cmoqp77wq000u5tvm2k2xey51,MKT-066,"Increase digital spent in SAlem,Pollachi areas",COMPLETED,SELF_STRATEGY,Marketing,MKT,Digital Marketing,P2,Important,Digital Marketing Lead,,,Senior Manager,,,,,,NO,,2026-05-04 04:27:13.994,2026-06-10 06:27:58.72,,,,
cmoqpaore00165tvmaw2fu975,MKT-068,Common ad budget can be reduced and location specific ads can be increased,COMPLETED,SELF_STRATEGY,Marketing,MKT,Digital Marketing,P2,Important,Digital Marketing Lead,,,Senior Manager,,,,,,NO,,2026-05-04 04:29:55.803,2026-06-10 06:29:28.122,,,,
cmoqp5ps0000i5tvmjw33bt46,MKT-064,Fix a KPI for chat,NOT_STARTED,SELF_STRATEGY,Marketing,MKT,Digital Marketing,P2,Important,Meghala,,,Senior Manager,,,,,,NO,,2026-05-04 04:26:03.84,2026-06-10 06:30:02.847,,,,
cmoqp6xce000o5tvmkebvt656,MKT-065,"Chatbot for Viscom,Fahion & MBA",COMPLETED,SELF_STRATEGY,Marketing,MKT,Digital Marketing,P2,Important,Digital Marketing Lead,,,Senior Manager,,,,,,NO,,2026-05-04 04:27:00.302,2026-06-10 06:30:27.586,,,,
cmpfa4y3z000qzj6sjx7ty4bu,REG-001,Corporate & Academic Council Create a On Boarding poster,PARKED,SELF_STRATEGY,RGU,RGU,Launch,P1,Critical,Arunraaj Manickaraj,,,Senior Manager,,,,,,NO,,2026-05-21 09:19:48.143,2026-06-10 06:07:18.132,,,,
cmpf9tmbj000azj6sg179zznl,RGU-051,Krishnakumar-Controller of Examination -RGU marksheet,NOT_STARTED,SELF_STRATEGY,RGU,RGU,Academic Setup,P1,Critical,,,,Senior Manager,,,,,,NO,,2026-05-21 09:10:59.647,2026-05-21 09:10:59.647,,,,
cmpf9jmvi0002zj6s9wk6za3r,RGU-050,Times Now Promotion Plan-Viscom Sathish,COMPLETED,SELF_STRATEGY,RGU,RGU,Academic Setup,P1,Critical,,,,Senior Manager,,,,,,NO,,2026-05-21 09:03:13.806,2026-06-10 06:08:15.383,,,,
cmokzwsjv001f54jt5w5et3uh,RGU-019,Online Presentation for Google AI CoE,PARKED,SELF_STRATEGY,RGU,RGU,,P1,Critical,Dr.Arun Kumar,,,Senior Manager,2026-04-30 00:00:00,,,,,NO,,2026-04-30 04:40:26.245,2026-06-10 06:11:38.499,,,,
cmokzshsf001354jtd0pmqgwl,RGU-018,Meeting for IT Server for RSmart classes with IT team,COMPLETED,SELF_STRATEGY,RGU,RGU,,P1,Critical,,,,Senior Manager,2026-04-30 00:00:00,,,,,NO,,2026-04-30 04:37:05.669,2026-06-10 06:13:28.433,,,,
cmok2s20r002up2zxw7td5pdy,RGU-012,Online meeting with HBS with MBA leader,COMPLETED,DEPARTMENT_MEETING,RGU,RGU,,P1,Critical,Dr.Raje,,,Senior Manager,2026-05-01 00:00:00,,,,,NO,,2026-04-29 13:12:57.915,2026-06-10 06:14:43.872,,,,
cmokzuevx001954jtdct4b9ot,MKT-049,Recruitment of coders through RSmart for Product engineers,NOT_STARTED,SELF_STRATEGY,Marketing,MKT,,P3,Operational,Dr.Krishnaraj,,,Senior Manager,2026-05-05 00:00:00,,,,,NO,,2026-04-30 04:38:35.226,2026-06-10 06:43:39.728,,,,
cmoqp9yyn00105tvmst9mr9ub,MKT-067,RTC UG & RCAS UG can be concentrated for Tiruppur,COMPLETED,SELF_STRATEGY,Marketing,MKT,Digital Marketing,P3,Operational,Digital Marketing Lead,,,Senior Manager,,,,,,NO,,2026-05-04 04:29:22.368,2026-06-10 06:47:23.89,,,,
cmol0tbtd003klltvlqk9t6ab,RGU-027,Name Badge,COMPLETED,SELF_STRATEGY,Creative,CRT,,P2,Important,,,,Senior Manager,,,,,,NO,,2026-04-30 05:05:44.21,2026-06-10 06:51:03.557,,,,
cmol0sawt003elltvjks06c8c,RGU-026,Thank You Card,COMPLETED,SELF_STRATEGY,Creative,CRT,,P2,Important,,,,Senior Manager,,,,,,NO,,2026-04-30 05:04:56.382,2026-06-10 06:51:34.406,,,,
cmoj2rf5d004lxk851n1731tw,MKT-030,Ad spend based on HE / ME / LE classification,DROPPED,SELF_STRATEGY,Marketing,MKT,Digital Marketing,P1,Critical,Digital Marketing Lead,,,Senior Manager,,Weekly,,,,NO,,2026-04-28 20:24:42.097,2026-04-29 13:02:03.986,2026-04-29 13:02:03.985,,,
cmoj2rf5p004rxk85kocrovii,MKT-033,Social media dashboard,DROPPED,SELF_STRATEGY,Marketing,MKT,Digital Marketing,P2,Important,Social Media Lead,,,Senior Manager,,Weekly,,,,NO,,2026-04-28 20:24:42.109,2026-04-29 13:02:03.986,2026-04-29 13:02:03.985,,,
cmpfafdfh001kzj6siu3h74vj,RGU-055,Corporate Logo Banners – PHotos,COMPLETED,SELF_STRATEGY,Creative,CRT,,P1,Critical,RTC Head,,,Senior Manager,,,,,,NO,,2026-05-21 09:27:54.557,2026-06-10 06:51:48.661,,,,
cmol0rkf80038lltvh9l0izwv,RGU-025,Legacy Wall Unveiled,DELAYED,SELF_STRATEGY,RGU,RGU,Prelaunch,P2,Important,,,,Senior Manager,,,,,,NO,,2026-04-30 05:04:22.052,2026-06-10 06:52:56.705,,,,
cmol1av3m006wlltvnfz82z5d,RGU-044,Visiting card,COMPLETED,SELF_STRATEGY,Creative,CRT,,P3,Operational,,,,Senior Manager,,,,,,NO,,2026-04-30 05:19:22.354,2026-06-10 07:02:29.638,,,,
cmol1afkx006qlltvfobd3p8u,RGU-043,Thank you card,COMPLETED,SELF_STRATEGY,Creative,CRT,,P3,Operational,,,,Senior Manager,,,,,,NO,,2026-04-30 05:19:02.241,2026-06-10 07:02:49.535,,,,
cmol15ejs0065lltv9xgpay3p,RGU-040,Founding faculty certificate,COMPLETED,SELF_STRATEGY,Creative,CRT,,P3,Operational,,,,Senior Manager,,,,,,NO,,2026-04-30 05:15:07.625,2026-06-10 07:03:59.303,,,,
cmol162tr006blltve6vh3d4f,RGU-041,Skill Passport,COMPLETED,SELF_STRATEGY,RGU,RGU,,P3,Operational,,,,Senior Manager,,,,,,NO,,2026-04-30 05:15:39.088,2026-05-21 04:20:39.027,,,,
cmq7qxisr00cfnlrefryyuvrz,PLC-011,NCR Students Placements,NOT_STARTED,SELF_STRATEGY,Placements,PLC,,P2,Important,Dr.Sivasubramaniam,,,Super Admin,,,,,,NO,,2026-06-10 07:27:28.107,2026-06-10 07:27:28.107,,,,
cmokyz0lj00056gwx44561j9c,RGU-016,Guest finalisation,COMPLETED,DEPARTMENT_MEETING,RGU,RGU,Launch,P1,Critical,,,,Senior Manager,,,,,,NO,,2026-04-30 04:14:10.375,2026-05-21 04:21:10.247,,,,
cmokzkqep000f54jt9bba10eo,MKT-046,May 1 offer day,COMPLETED,SELF_STRATEGY,Marketing,MKT,Physical Marketing,P1,Critical,,,,Senior Manager,2026-05-01 00:00:00,,,,Completed,NO,,2026-04-30 04:31:03.602,2026-05-21 04:21:42.44,,,,
cmqew6ygu00jvnlreygahi8mh,RGU-085,School of Fashion Design - Plan for Demo Day and monitor the expected outcomes - Dr.Aruna,NOT_STARTED,SELF_STRATEGY,RGU,RGU,Academic Setup,P1,Critical,,,,Senior Manager,,,,,,NO,,2026-06-15 07:29:09.63,2026-06-15 07:29:09.63,,,,
cmol151n3005zlltvsrj80evq,RGU-039,Chairman Video,COMPLETED,SELF_STRATEGY,Creative,CRT,,P2,Important,,,,Senior Manager,,,,,,NO,,2026-04-30 05:14:50.895,2026-05-21 04:25:08.376,,,,
cmpfaegdo0019zj6sn12qsnio,RGU-054,Distinguished Corporate – Photos,COMPLETED,SELF_STRATEGY,RGU,RGU,Launch,P1,Critical,RTC Head,,,Senior Manager,,,,,,NO,,2026-05-21 09:27:11.724,2026-05-21 09:27:21.652,,,,
cmpfaga3h001vzj6sdvytoluj,RGU-056,Global University Connection,COMPLETED,SELF_STRATEGY,RGU,RGU,Launch,P1,Critical,RTC Head,,,Senior Manager,,,,,,NO,,2026-05-21 09:28:36.894,2026-05-21 09:28:47.365,,,,
cmpfca04o005wzj6shjgigi7b,CRT-046,ID Card – 4 × 6 inch – DELEGATE,COMPLETED,SELF_STRATEGY,Creative,CRT,,P1,Critical,,,,Senior Manager,,,,,,NO,,2026-05-21 10:19:43.273,2026-05-21 10:20:06.629,,,,
cmpfcf0sj006tzj6seumx3m7g,CRT-049,Digital invitation,COMPLETED,SELF_STRATEGY,Creative,CRT,,P1,Critical,,,,Senior Manager,,,,,,NO,,2026-05-21 10:23:37.411,2026-05-21 10:23:45.948,,,,
cmol17wd3006klltvk73gxk83,RGU-042,Paper ad for RGU launch,COMPLETED,SELF_STRATEGY,RGU,RGU,,P3,Operational,,,,Senior Manager,,,,,,NO,,2026-04-30 05:17:04.023,2026-06-01 05:23:54.26,,,,
cmol0xq5f004jlltvn0f6ah0l,RGU-031,Student Manifesto Campaign,COMPLETED,SELF_STRATEGY,Creative,CRT,,P2,Important,,,,Senior Manager,,,,,,NO,,2026-04-30 05:09:09.411,2026-06-10 06:53:46.68,,,,
cmol098n3001nlltvlhm9wq3q,MKT-059,Fashion related Influencers can be planned,COMPLETED,SELF_STRATEGY,Marketing,MKT,Digital Marketing,P2,Important,,,,Senior Manager,2026-05-05 00:00:00,,,,,NO,,2026-04-30 04:50:06.976,2026-06-10 06:31:54.538,,,,
cmoj2rf38003lxk855f325tfs,MKT-012,HE / ME / LE course classification,COMPLETED,SELF_STRATEGY,Marketing,MKT,Course Strategy,P1,Critical,Marketing Head,,,Senior Manager,,Weekly,,,,YES,,2026-04-28 20:24:42.02,2026-06-10 06:15:40.672,,,,
cmol08vuj001hlltvfoy03mnn,MKT-058,Viscom Ad run for Madurai & Palakkad,COMPLETED,SELF_STRATEGY,Marketing,MKT,Digital Marketing,P2,Important,,,,Senior Manager,2026-05-01 00:00:00,,,,,NO,,2026-04-30 04:49:50.396,2026-06-10 06:33:04.093,,,,
cmokz3aos000f6gwxkkqpf8lv,MKT-043,RSTNAT exam portal discussion,COMPLETED,SELF_STRATEGY,Marketing,MKT,Digital Marketing,P3,Operational,,,,Senior Manager,,,,,,NO,,2026-04-30 04:17:30.076,2026-04-30 04:17:45.723,,,,
cmol084zs0015lltv4zmr0xjs,MKT-056,Career Path in FAshion,NOT_STARTED,SELF_STRATEGY,Marketing,MKT,Physical Marketing,P2,Important,,,,Senior Manager,,,,,,NO,,2026-04-30 04:49:15.592,2026-04-30 04:49:15.592,,,,
cmq7r0rcr00cvnlreilqqodwa,RGU-067,RGU website content for each School,NOT_STARTED,SELF_STRATEGY,RGU,RGU,,P3,Operational,Meghala,,,Super Admin,2026-06-17 00:00:00,,,,,NO,,2026-06-10 07:29:59.163,2026-06-10 07:29:59.163,,,,
cmol07esr000tlltvqyfe4tg3,MKT-054,What is Viscom & Fashion,COMPLETED,SELF_STRATEGY,Marketing,MKT,Physical Marketing,P2,Important,,,,Senior Manager,2026-05-04 00:00:00,,,,,NO,,2026-04-30 04:48:41.643,2026-06-10 06:33:27.02,,,,
cmol06fki000hlltv11tjdlse,MKT-052,Viscom Studio Infra Video,NOT_STARTED,SELF_STRATEGY,Marketing,MKT,Physical Marketing,P2,Important,,,,Senior Manager,2026-05-01 00:00:00,,,,,NO,,2026-04-30 04:47:55.986,2026-04-30 06:02:34.561,,,,
cmol1cpxh007qlltva536ro2m,RGU-049,Faculty video,COMPLETED,SELF_STRATEGY,Creative,CRT,,P3,Operational,,,,Senior Manager,,,,,,NO,,2026-04-30 05:20:48.966,2026-06-10 06:58:00.098,,,,
cmoqpg5mh001o5tvmzzkrw3on,MKT-071,May 15 admission offers can be planned,COMPLETED,SELF_STRATEGY,Marketing,MKT,Physical Marketing,P3,Operational,,,,Senior Manager,,,,,,NO,,2026-05-04 04:34:10.937,2026-06-10 06:33:48.832,,,,
cmol07stu000zlltv5nmnrjwv,MKT-055,AI chatbot for Viscom leads,COMPLETED,SELF_STRATEGY,Marketing,MKT,Physical Marketing,P2,Important,,,,Senior Manager,2026-05-02 00:00:00,,,,,NO,,2026-04-30 04:48:59.826,2026-06-10 06:34:18.255,,,,
cmoj2rf1q0031xk854hu553ra,MKT-002,"Poor-performing course strategy (RTC, Viscom, Fashion, MBA, MCA, Physio, Pharmacy)",DROPPED,SELF_STRATEGY,Marketing,MKT,Physical Marketing,P1,Critical,Marketing Head,,,Senior Manager,,Weekly,,,,YES,,2026-04-28 20:24:41.966,2026-04-29 13:02:03.986,2026-04-29 13:02:03.985,,,
cmoqpfls7001i5tvmcgy4wbk5,MKT-070,For RGU consultant admission test is mandatory,NOT_STARTED,SELF_STRATEGY,Marketing,MKT,Physical Marketing,P3,Operational,Pandi Elavarasan,,,Senior Manager,,,,,,NO,,2026-05-04 04:33:45.224,2026-06-10 06:39:37.853,,,,
cmol08emp001blltv3bod4x30,MKT-057,Webinar for photography and fashion,DELAYED,SELF_STRATEGY,Marketing,MKT,Physical Marketing,P2,Important,Sathishanandan,,,Senior Manager,2026-05-06 00:00:00,,,,,NO,,2026-04-30 04:49:28.081,2026-06-10 06:35:40.963,,,,
cmoqpf4g4001c5tvmfc4k88iv,MKT-069,Approval can be taken for consultants service charge for Physio and Pharmacy,DELAYED,SELF_STRATEGY,Marketing,MKT,Physical Marketing,P3,Operational,,,,Senior Manager,,,,,,NO,,2026-05-04 04:33:22.756,2026-06-10 06:37:58.081,,,,
cmol06rf2000nlltv4xh76si4,MKT-053,Alumni portfolio-5 videos (Viscom & Fashion),NOT_STARTED,SELF_STRATEGY,Marketing,MKT,Physical Marketing,P2,Important,Sathishanandan,,,Senior Manager,2026-05-04 00:00:00,,,,,NO,,2026-04-30 04:48:11.342,2026-06-10 06:39:11.399,,,,
cmoqph70000205tvm939y1q0b,MKT-073,"Increase whatsapp campaign for Viscom,CDF,Commerce",COMPLETED,SELF_STRATEGY,Marketing,MKT,Digital Marketing,P3,Operational,,,,Senior Manager,,,,,,NO,,2026-05-04 04:34:59.377,2026-06-10 06:41:51.091,,,,
cmok2wc9o002xp2zxrnrr0w23,RGU-013,Hardcopy Invitation for Guests,COMPLETED,BOSS_INSTRUCTION,Creative,CRT,,P1,Critical,,,,Senior Manager,2026-05-01 00:00:00,,,,,NO,,2026-04-29 13:16:17.82,2026-06-10 06:50:22.926,,,,
cmol0wjbw004blltvgwksns1y,RGU-030,Gratitude Wall Founding Faculty,COMPLETED,SELF_STRATEGY,Creative,CRT,,P2,Important,,,,Senior Manager,,,,,,NO,,2026-04-30 05:08:13.916,2026-06-10 06:54:31.651,,,,
cmol1c9fj007klltv9uci9ey6,RGU-048,Square badge,COMPLETED,SELF_STRATEGY,Creative,CRT,,P3,Operational,Udhaykumar,,,Senior Manager,,,,,,NO,,2026-04-30 05:20:27.584,2026-06-10 06:58:37.098,,,,
cmol1btgh007elltvridj5ut5,RGU-047,Name badge,COMPLETED,SELF_STRATEGY,Creative,CRT,,P3,Operational,,,,Senior Manager,,,,,,NO,,2026-04-30 05:20:06.881,2026-06-10 07:00:27.436,,,,
cmol0ur96003vlltvwgpsga8u,RGU-028,Department Pride Boards,COMPLETED,SELF_STRATEGY,Creative,CRT,,P2,Important,,,,Senior Manager,,,,,,NO,,2026-04-30 05:06:50.874,2026-06-10 07:00:46.317,,,,
cmol0vbzl0043lltvf64fhdzs,RGU-029,Founding Faculty Certificate,COMPLETED,SELF_STRATEGY,Creative,CRT,,P3,Operational,,,,Senior Manager,,,,,,NO,,2026-04-30 05:07:17.745,2026-06-10 07:03:23.318,,,,
cmol0y697004plltveig2mw0j,RGU-032,RGU Logo Launch,COMPLETED,SELF_STRATEGY,RGU,RGU,Prelaunch,P2,Important,,,,Senior Manager,,,,,,NO,,2026-04-30 05:09:30.283,2026-05-21 04:25:40.959,,,,
cmq7qzk8g00cnnlre3k6ebp4h,MKT-102,Increase RGU website traffic,NOT_STARTED,DIGITAL_REVIEW,Marketing,MKT,Digital Marketing,P2,Important,Meghala,,,Super Admin,,,,,,NO,,2026-06-10 07:29:03.281,2026-06-10 07:29:03.281,,,,
cmpfc71hy005jzj6scsls5rev,CRT-045,Scribbling Pad – Front Page – A5 size,COMPLETED,SELF_STRATEGY,Creative,CRT,,P1,Critical,,,,Senior Manager,,,,,,NO,,2026-05-21 10:17:25.078,2026-05-21 10:17:53.398,,,,
cmpfcaugd0067zj6sqe5iq5qh,CRT-047,Lanyard – 30 × 0.75 inch,COMPLETED,SELF_STRATEGY,Creative,CRT,,P1,Critical,,,,Senior Manager,,,,,,NO,,2026-05-21 10:20:22.573,2026-05-21 10:20:36.808,,,,
cmqeu7ek900gdnlreq4rh8gcq,RGU-076,"School of Commerce 100% attendance is mandatory for Tally class,Commitment letter can be collected from Heads and yellow card can be issued if it is violated - Dr.Hema,Dr.Krishnaraj",NOT_STARTED,SELF_STRATEGY,RGU,RGU,Academic Setup,P1,Critical,,,,Senior Manager,,,,,,NO,,2026-06-15 06:33:31.257,2026-06-15 07:22:34.983,,,,
cmqew7ky500k3nlrevchhiec1,RGU-086,School of Fashion Design - Communication training program needs to be planned - Dr.Krishnaraj,NOT_STARTED,SELF_STRATEGY,RGU,RGU,Academic Setup,P1,Critical,,,,Senior Manager,,,,,,NO,,2026-06-15 07:29:38.765,2026-06-15 07:29:38.765,,,,
cmpfceg3g006izj6s2sgk43p6,CRT-048,Paper Ad,COMPLETED,SELF_STRATEGY,Creative,CRT,,P2,Important,,,,Senior Manager,,,,,,NO,,2026-05-21 10:23:10.589,2026-05-25 05:08:04.127,,,,
cmoj2rf1v0033xk856s2jr7jo,MKT-003,Lead generation tracking,DROPPED,SELF_STRATEGY,Marketing,MKT,Physical Marketing,P1,Critical,Marketing Head,,,Senior Manager,,Daily,,,,NO,,2026-04-28 20:24:41.971,2026-04-29 13:02:03.986,2026-04-29 13:02:03.985,,,
cmoj2rf220035xk85ao72mwp7,MKT-004,Lead nurturing for walk-ins,DROPPED,SELF_STRATEGY,Marketing,MKT,Physical Marketing,P1,Critical,Counselling Head,,,Senior Manager,,Daily,,,,NO,,2026-04-28 20:24:41.978,2026-04-29 13:02:03.986,2026-04-29 13:02:03.985,,,
cmoj2rf2b0037xk85k2xod7pv,MKT-005,Warm-to-hot conversion,DROPPED,SELF_STRATEGY,Marketing,MKT,Physical Marketing,P1,Critical,Telecalling Head,,,Senior Manager,,Daily,,,,NO,,2026-04-28 20:24:41.987,2026-04-29 13:02:03.986,2026-04-29 13:02:03.985,,,
cmoj2rf2f0039xk85z51lr3qo,MKT-006,Walk-in to admission conversion,DROPPED,SELF_STRATEGY,Marketing,MKT,Physical Marketing,P1,Critical,Admission Manager,,,Senior Manager,,Daily,,,,NO,,2026-04-28 20:24:41.991,2026-04-29 13:02:03.986,2026-04-29 13:02:03.985,,,
cmoj2rf2k003bxk857gajcoce,MKT-007,Telecaller monitoring,DROPPED,SELF_STRATEGY,Marketing,MKT,Physical Marketing,P1,Critical,Telecalling Head,,,Senior Manager,,Daily,,,,NO,,2026-04-28 20:24:41.996,2026-04-29 13:02:03.986,2026-04-29 13:02:03.985,,,
cmoj2rf2t003fxk85zqlwg3pa,MKT-009,Newspaper and inserts,DROPPED,SELF_STRATEGY,Marketing,MKT,Physical Marketing,P3,Operational,Marketing Head,,,Senior Manager,,Campaign-based,,,,NO,,2026-04-28 20:24:42.005,2026-04-29 13:02:03.986,2026-04-29 13:02:03.985,,,
cmoj2rf2y003hxk85sjzz4zqn,MKT-010,Expos coordination,DROPPED,SELF_STRATEGY,Marketing,MKT,Physical Marketing,P2,Important,Marketing Head,,,Senior Manager,,Event-based,,,,NO,,2026-04-28 20:24:42.01,2026-04-29 13:02:03.986,2026-04-29 13:02:03.985,,,
cmoj2rf33003jxk85nv7d9keq,MKT-011,Budget spent review,DROPPED,SELF_STRATEGY,Marketing,MKT,Budget Review,P1,Critical,Accounts,,,Senior Manager,,Weekly,,,,NO,,2026-04-28 20:24:42.015,2026-04-29 13:02:03.986,2026-04-29 13:02:03.985,,,
cmoj2rf3d003nxk85xeihqzcd,MKT-013,New strategy formulation with Dr. BN,DROPPED,SELF_STRATEGY,Marketing,MKT,Course Strategy,P1,Critical,Senior Manager,,,Senior Manager,,Weekly,,,,YES,,2026-04-28 20:24:42.025,2026-04-29 13:02:03.986,2026-04-29 13:02:03.985,,,
cmoj2rf3h003pxk859rl0ut4u,MKT-014,Brochures and content creation,DROPPED,SELF_STRATEGY,Marketing,MKT,Physical Marketing,P2,Important,Content Team,,,Senior Manager,,Weekly,,,,NO,,2026-04-28 20:24:42.029,2026-04-29 13:02:03.986,2026-04-29 13:02:03.985,,,
cmoj2rf3l003rxk85chlzwofl,MKT-015,Raw data campaigning,DROPPED,SELF_STRATEGY,Marketing,MKT,Physical Marketing,P2,Important,Telecalling Head,,,Senior Manager,,Daily,,,,NO,,2026-04-28 20:24:42.033,2026-04-29 13:02:03.986,2026-04-29 13:02:03.985,,,
cmoj2rf3p003txk858p0zzwkz,MKT-016,AI calls operations,DROPPED,SELF_STRATEGY,Marketing,MKT,Physical Marketing,P2,Important,CRM Team,,,Senior Manager,,Daily,,,,NO,,2026-04-28 20:24:42.037,2026-04-29 13:02:03.986,2026-04-29 13:02:03.985,,,
cmoj2rf3t003vxk85zqtt56nd,MKT-017,AI chat operations,DROPPED,SELF_STRATEGY,Marketing,MKT,Physical Marketing,P2,Important,Digital Marketing Lead,,,Senior Manager,,Daily,,,,NO,,2026-04-28 20:24:42.041,2026-04-29 13:02:03.986,2026-04-29 13:02:03.985,,,
cmoj2rf3x003xxk856ji2hsir,MKT-018,Webinars by department,DROPPED,SELF_STRATEGY,Marketing,MKT,Physical Marketing,P2,Important,Marketing Head,,,Senior Manager,,Weekly,,,,NO,,2026-04-28 20:24:42.045,2026-04-29 13:02:03.986,2026-04-29 13:02:03.985,,,
cmoj2rf41003zxk8529pe158d,MKT-019,School admissions review,DROPPED,SELF_STRATEGY,Marketing,MKT,Physical Marketing,P1,Critical,School Team,,,Senior Manager,,Weekly,,,,NO,,2026-04-28 20:24:42.049,2026-04-29 13:02:03.986,2026-04-29 13:02:03.985,,,
cmoj2rf460041xk855me2p549,MKT-020,Walk-in dashboard,DROPPED,SELF_STRATEGY,Marketing,MKT,Lead Dashboards,P1,Critical,Admission Manager,,,Senior Manager,,Daily,,,,NO,,2026-04-28 20:24:42.054,2026-04-29 13:02:03.986,2026-04-29 13:02:03.985,,,
cmoj2rf4a0043xk854put8f0a,MKT-021,Consultant dashboard,DROPPED,SELF_STRATEGY,Marketing,MKT,Lead Dashboards,P1,Critical,Consultant Coordinator,,,Senior Manager,,Weekly,,,,NO,,2026-04-28 20:24:42.058,2026-04-29 13:02:03.986,2026-04-29 13:02:03.985,,,
cmoj2rf4e0045xk85ytihkscc,MKT-022,Overall leads dashboard,DROPPED,SELF_STRATEGY,Marketing,MKT,Lead Dashboards,P1,Critical,CRM Team,,,Senior Manager,,Daily,,,,NO,,2026-04-28 20:24:42.062,2026-04-29 13:02:03.986,2026-04-29 13:02:03.985,,,
cmoj2rf4j0047xk85r5mkphdo,MKT-023,Student deliverables documentation,DROPPED,SELF_STRATEGY,Marketing,MKT,Physical Marketing,P1,Critical,Academic Team,,,Senior Manager,,Weekly,,,,NO,,2026-04-28 20:24:42.067,2026-04-29 13:02:03.986,2026-04-29 13:02:03.985,,,
cmoj2rf4n0049xk8505zv1fy0,MKT-024,Student Experience Centre feedback,DROPPED,SELF_STRATEGY,Marketing,MKT,Physical Marketing,P1,Critical,Student Affairs,,,Senior Manager,,Weekly,,,,NO,,2026-04-28 20:24:42.071,2026-04-29 13:02:03.986,2026-04-29 13:02:03.985,,,
cmoj2rf4r004bxk85gte0d4hn,MKT-025,USP document for each course,DROPPED,SELF_STRATEGY,Marketing,MKT,Course Strategy,P1,Critical,Content Team,,,Senior Manager,,Weekly,,,,NO,,2026-04-28 20:24:42.075,2026-04-29 13:02:03.986,2026-04-29 13:02:03.985,,,
cmoj2rf4v004dxk85eirl2wq3,MKT-026,GIP request form processing,DROPPED,SELF_STRATEGY,Marketing,MKT,Physical Marketing,P2,Important,Admission Manager,,,Senior Manager,,Need-based,,,,NO,,2026-04-28 20:24:42.079,2026-04-29 13:02:03.986,2026-04-29 13:02:03.985,,,
cmoj2rf50004fxk85ev9ju272,MKT-027,Alumni Is Our Pride distribution,DROPPED,SELF_STRATEGY,Marketing,MKT,Physical Marketing,P2,Important,Alumni Coordinator,,,Senior Manager,,Weekly,,,,NO,,2026-04-28 20:24:42.084,2026-04-29 13:02:03.986,2026-04-29 13:02:03.985,,,
cmoj2rf54004hxk85f3eevkbx,MKT-028,WhatsApp campaign,DROPPED,SELF_STRATEGY,Marketing,MKT,Physical Marketing,P1,Critical,Marketing Head,,,Senior Manager,,Daily,,,,NO,,2026-04-28 20:24:42.088,2026-04-29 13:02:03.986,2026-04-29 13:02:03.985,,,
cmoj2rf59004jxk85oxjmb7bo,MKT-029,Department-wise lead nurturing plan,DROPPED,SELF_STRATEGY,Marketing,MKT,Digital Marketing,P1,Critical,Digital Marketing Lead,,,Senior Manager,,Weekly,,,,NO,,2026-04-28 20:24:42.093,2026-04-29 13:02:03.986,2026-04-29 13:02:03.985,,,
cmoj2rf5t004txk85yrue2130,MKT-034,Website traffic dashboard,DROPPED,SELF_STRATEGY,Marketing,MKT,Digital Marketing,P1,Critical,Website Team,,,Senior Manager,,Weekly,,,,YES,,2026-04-28 20:24:42.113,2026-04-29 13:02:03.986,2026-04-29 13:02:03.985,,,
cmoj2rf66004zxk85cxq07n7z,MKT-037,New strategies adopted and impact report,DROPPED,SELF_STRATEGY,Marketing,MKT,Digital Marketing,P1,Critical,Digital Marketing Lead,,,Senior Manager,,Weekly,,,,NO,,2026-04-28 20:24:42.127,2026-04-29 13:02:03.986,2026-04-29 13:02:03.985,,,
cmoj2rf6a0051xk85qvoaw48d,MKT-038,RCAS Rsmart non-CS strategy impact,DROPPED,SELF_STRATEGY,Marketing,MKT,Digital Marketing,P1,Critical,Digital Marketing Lead,,,Senior Manager,,Weekly,,,,NO,,2026-04-28 20:24:42.13,2026-04-29 13:02:03.986,2026-04-29 13:02:03.985,,,
cmoj2rf6e0053xk85dezf0riu,MKT-039,School admissions digital strategy impact,DROPPED,SELF_STRATEGY,Marketing,MKT,Digital Marketing,P1,Critical,School Team,,,Senior Manager,,Weekly,,,,NO,,2026-04-28 20:24:42.134,2026-04-29 13:02:03.986,2026-04-29 13:02:03.985,,,
cmoj2rf6r0059xk85mzvr5tej,MKT-042,Retargeting ad dashboard,DROPPED,SELF_STRATEGY,Marketing,MKT,Digital Marketing,P1,Critical,Digital Marketing Lead,,,Senior Manager,,Weekly,,,,NO,,2026-04-28 20:24:42.148,2026-04-29 13:02:03.986,2026-04-29 13:02:03.985,,,
cmoj2rf6w005bxk85g9hcrkmc,RTC-001,Department-wise RAALE implementation review,DROPPED,SELF_STRATEGY,RTC,RTC,RAALE,P1,Critical,RTC Head,,,Senior Manager,,Weekly,,,,YES,,2026-04-28 20:24:42.152,2026-04-29 13:02:03.986,2026-04-29 13:02:03.985,,,
cmoj2rf78005hxk85t4gxqg1i,RTC-004,Engagement activities calendar,DROPPED,SELF_STRATEGY,RTC,RTC,Campus Life,P2,Important,Student Affairs,,,Senior Manager,,Weekly,,,,NO,,2026-04-28 20:24:42.164,2026-04-29 13:02:03.986,2026-04-29 13:02:03.985,,,
cmoj2rf7c005jxk851ktrk6he,RTC-005,Wow factor — certifications and appreciation model,DROPPED,SELF_STRATEGY,RTC,RTC,RTC Operations,P1,Critical,RTC Head,,,Senior Manager,,Weekly,,,,YES,,2026-04-28 20:24:42.168,2026-04-29 13:02:03.986,2026-04-29 13:02:03.985,,,
cmoj2rf7r005pxk85s2nvj1bj,RTC-008,Faculty / team recruitment,DROPPED,SELF_STRATEGY,RTC,RTC,RTC Operations,P1,Critical,HR,,,Senior Manager,,Need-based,,,,YES,,2026-04-28 20:24:42.183,2026-04-29 13:02:03.986,2026-04-29 13:02:03.985,,,
cmoj2rf7v005rxk853uaqxdxw,RTC-009,Research proposal and publication progress,DROPPED,SELF_STRATEGY,RTC,RTC,Research & Ranking,P2,Important,Research Team,,,Senior Manager,,Monthly,,,,YES,,2026-04-28 20:24:42.187,2026-04-29 13:02:03.986,2026-04-29 13:02:03.985,,,
cmoj2rf8j005xxk85ntclqmzr,RTC-012,RFabX revenue report,DROPPED,SELF_STRATEGY,RTC,RTC,RTC Operations,P2,Important,RFabX Lead,,,Senior Manager,,Monthly,,,,YES,,2026-04-28 20:24:42.211,2026-04-29 13:02:03.986,2026-04-29 13:02:03.985,,,
cmoj2rf8n005zxk8503mihl5b,RTC-013,NASA program progress,DROPPED,SELF_STRATEGY,RTC,RTC,RTC Operations,P2,Important,RTC Coordinator,,,Senior Manager,,Monthly,,,,YES,,2026-04-28 20:24:42.215,2026-04-29 13:02:03.986,2026-04-29 13:02:03.985,,,
cmoj2rf930067xk85kohi4jd8,PLC-002,Team-wise KPI report,DROPPED,SELF_STRATEGY,Placements,PLC,KPI Monitoring,P1,Critical,Placement Head,,,Senior Manager,,Weekly,,,,YES,,2026-04-28 20:24:42.231,2026-04-29 13:02:03.986,2026-04-29 13:02:03.985,,,
cmoj2rf970069xk85d4pycyw9,PLC-003,Monthly placement calendar (visits + training),DROPPED,SELF_STRATEGY,Placements,PLC,Quality Placement,P1,Critical,Placement Head,,,Senior Manager,,Monthly,,,,NO,,2026-04-28 20:24:42.235,2026-04-29 13:02:03.986,2026-04-29 13:02:03.985,,,
cmoj2rf9j006fxk85claw34n2,PLC-006,Commitment letter tracking,DROPPED,SELF_STRATEGY,Placements,PLC,Quality Placement,P2,Important,Placement Head,,,Senior Manager,,Need-based,,,,NO,,2026-04-28 20:24:42.247,2026-04-29 13:02:03.986,2026-04-29 13:02:03.985,,,
cmoj2rf9n006hxk85ozjsb0m8,PLC-007,Placement team recruitment,DROPPED,SELF_STRATEGY,Placements,PLC,Team Operations,P1,Critical,HR,,,Senior Manager,,Need-based,,,,YES,,2026-04-28 20:24:42.251,2026-04-29 13:02:03.986,2026-04-29 13:02:03.985,,,
cmoj2rfa0006nxk85dyiqkooo,AIC-002,Incubation event calendar,DROPPED,SELF_STRATEGY,AIC RAISE,AIC,Incubation Events,P2,Important,AIC Team,,,Senior Manager,,Monthly,,,,NO,,2026-04-28 20:24:42.264,2026-04-29 13:02:03.986,2026-04-29 13:02:03.985,,,
cmoj2rfa4006pxk85309vyutn,AIC-003,Investor connect and tracking,DROPPED,SELF_STRATEGY,AIC RAISE,AIC,Investment & Schemes,P1,Critical,Pradeepraj,,,Senior Manager,,Monthly,,,,NO,,2026-04-28 20:24:42.268,2026-04-29 13:02:03.986,2026-04-29 13:02:03.985,,,
cmoj2rfag006vxk85j3u1amd9,AIC-006,Venture Studio model,DROPPED,SELF_STRATEGY,AIC RAISE,AIC,Venture Studio,P1,Critical,Pradeepraj,,,Senior Manager,,Monthly,,,,NO,,2026-04-28 20:24:42.28,2026-04-29 13:02:03.986,2026-04-29 13:02:03.985,,,
cmoj2rfat006xxk85zto6zx8w,AIC-007,Consolidated AIC RAISE dashboard,DROPPED,SELF_STRATEGY,AIC RAISE,AIC,Revenue Model,P1,Critical,Senior Manager,,,Senior Manager,,Weekly,,,,NO,,2026-04-28 20:24:42.294,2026-04-29 13:02:03.986,2026-04-29 13:02:03.985,,,
cmoj2rfb50073xk85bx8vq010,RGU-002,RGU launch plan,DROPPED,SELF_STRATEGY,RGU,RGU,Launch,P1,Critical,RGU Core Team,,,Senior Manager,,Weekly,,,,YES,,2026-04-28 20:24:42.305,2026-04-29 13:02:03.986,2026-04-29 13:02:03.985,,,
cmoj2rfb90075xk85u0uzxzuj,RGU-003,RGU team recruitment,DROPPED,SELF_STRATEGY,RGU,RGU,Team Setup,P1,Critical,HR,,,Senior Manager,,Need-based,,,,YES,,2026-04-28 20:24:42.309,2026-04-29 13:02:03.986,2026-04-29 13:02:03.985,,,
cmoj2rfbd0077xk85okt6e4p6,RGU-004,Organisational setup planning,DROPPED,SELF_STRATEGY,RGU,RGU,Team Setup,P1,Critical,RGU Lead,,,Senior Manager,,Weekly,,,,YES,,2026-04-28 20:24:42.313,2026-04-29 13:02:03.986,2026-04-29 13:02:03.985,,,
cmoj2rfbq007dxk85qyy9fw71,RGU-007,Individual school training plan,DROPPED,SELF_STRATEGY,RGU,RGU,Academic Setup,P1,Critical,Academic Head,,,Senior Manager,,Weekly,,,,YES,,2026-04-28 20:24:42.326,2026-04-29 13:02:03.986,2026-04-29 13:02:03.985,,,
cmoj2rfbu007fxk85h0y4vwoz,RGU-008,Faculty handbooks (draft + final),DROPPED,BOSS_INSTRUCTION,RGU,RGU,Academic Setup,P1,Critical,Academic Team,,,Senior Manager,2026-05-08 00:00:00,Weekly,,,,ONLY_IF_DELAYED,Distribution to RGU faculties,2026-04-28 20:24:42.33,2026-04-29 13:02:03.986,2026-04-29 13:02:03.985,,,
cmoj2rf5h004nxk85w5gfjbzw,MKT-031,High and low performing ads review,DROPPED,SELF_STRATEGY,Marketing,MKT,Digital Marketing,P1,Critical,Digital Marketing Lead,,,Senior Manager,,Weekly,,,,NO,,2026-04-28 20:24:42.101,2026-04-29 13:02:03.986,2026-04-29 13:02:03.985,,,
cmoj2rf5l004pxk85z2pmubqt,MKT-032,Lead nurturing plan,DROPPED,SELF_STRATEGY,Marketing,MKT,Digital Marketing,P1,Critical,CRM Team,,,Senior Manager,,Weekly,,,,NO,,2026-04-28 20:24:42.105,2026-04-29 13:02:03.986,2026-04-29 13:02:03.985,,,
cmoj2rf5y004vxk85j13tskgn,MKT-035,Influencer dashboard,DROPPED,SELF_STRATEGY,Marketing,MKT,Digital Marketing,P2,Important,Influencer Coordinator,,,Senior Manager,,Campaign-based,,,,NO,,2026-04-28 20:24:42.119,2026-04-29 13:02:03.986,2026-04-29 13:02:03.985,,,
cmoj2rf62004xxk85970hpin9,MKT-036,"Google and Meta ad review (CPL, CTR, conversion)",DROPPED,SELF_STRATEGY,Marketing,MKT,Digital Marketing,P1,Critical,Digital Marketing Lead,,,Senior Manager,,Weekly,,,,NO,,2026-04-28 20:24:42.122,2026-04-29 13:02:03.986,2026-04-29 13:02:03.985,,,
cmoj2rf6i0055xk85dsf5jthm,MKT-040,RYH dashboard,DROPPED,SELF_STRATEGY,Marketing,MKT,Digital Marketing,P2,Important,Digital Marketing Lead,,,Senior Manager,,Weekly,,,,NO,,2026-04-28 20:24:42.139,2026-04-29 13:02:03.986,2026-04-29 13:02:03.985,,,
cmoj2rf6m0057xk85a0911n93,MKT-041,Digital budget review,DROPPED,SELF_STRATEGY,Marketing,MKT,Digital Marketing,P1,Critical,Accounts,,,Senior Manager,,Weekly,,,,NO,,2026-04-28 20:24:42.142,2026-04-29 13:02:03.986,2026-04-29 13:02:03.985,,,
cmoj2rf70005dxk85bx26ggqx,RTC-002,Student growth card implementation,DROPPED,SELF_STRATEGY,RTC,RTC,Growth Card,P1,Critical,Academic Team,,,Senior Manager,,Weekly,,,,YES,,2026-04-28 20:24:42.156,2026-04-29 13:02:03.986,2026-04-29 13:02:03.985,,,
cmoj2rf74005fxk85i21q9f93,RTC-003,RTC budget plan and utilization,DROPPED,SELF_STRATEGY,RTC,RTC,RTC Operations,P2,Important,Accounts,,,Senior Manager,,Monthly,,,,NO,,2026-04-28 20:24:42.16,2026-04-29 13:02:03.986,2026-04-29 13:02:03.985,,,
cmoj2rf7g005lxk85flgmwwrb,RTC-006,CoE Hub immersion and progress,DROPPED,SELF_STRATEGY,RTC,RTC,CoE Hub,P1,Critical,CoE Team,,,Senior Manager,,Weekly,,,,YES,,2026-04-28 20:24:42.172,2026-04-29 13:02:03.986,2026-04-29 13:02:03.985,,,
cmoj2rf7m005nxk85h985pwih,RTC-007,AI coach learning model,DROPPED,SELF_STRATEGY,RTC,RTC,RTC Operations,P2,Important,RTC Head,,,Senior Manager,,Weekly,,,,YES,,2026-04-28 20:24:42.178,2026-04-29 13:02:03.986,2026-04-29 13:02:03.985,,,
cmoj2rf7z005txk85fmvi11bd,RTC-010,Ranking submission progress,DROPPED,SELF_STRATEGY,RTC,RTC,Research & Ranking,P2,Important,Ranking Team,,,Senior Manager,,Monthly,,,,NO,,2026-04-28 20:24:42.191,2026-04-29 13:02:03.986,2026-04-29 13:02:03.985,,,
cmoj2rf83005vxk85h1vrx5kj,RTC-011,Hackathons participation and output,DROPPED,SELF_STRATEGY,RTC,RTC,CoE Hub,P2,Important,CoE Team,,,Senior Manager,,Monthly,,,,NO,,2026-04-28 20:24:42.195,2026-04-29 13:02:03.986,2026-04-29 13:02:03.985,,,
cmoj2rf8q0061xk85ge923izh,RTC-014,Student category list A/B/C/D segmentation,DROPPED,SELF_STRATEGY,RTC,RTC,RTC Operations,P1,Critical,RTC Head,,,Senior Manager,,Monthly,,,,YES,,2026-04-28 20:24:42.219,2026-04-29 13:02:03.986,2026-04-29 13:02:03.985,,,
cmoj2rf8v0063xk85p8v3xe4v,RTC-015,Consolidated RTC Dashboard,DROPPED,SELF_STRATEGY,RTC,RTC,RTC Operations,P1,Critical,Senior Manager,,,Senior Manager,,Weekly,,,,YES,,2026-04-28 20:24:42.224,2026-04-29 13:02:03.986,2026-04-29 13:02:03.985,,,
cmoj2rf8z0065xk85dejog11i,PLC-001,Placement dashboard (overall status),DROPPED,SELF_STRATEGY,Placements,PLC,KPI Monitoring,P1,Critical,Placement Head,,,Senior Manager,,Weekly,,,,YES,,2026-04-28 20:24:42.228,2026-04-29 13:02:03.986,2026-04-29 13:02:03.985,,,
cmoj2rf9b006bxk859tqnab90,PLC-004,Two-digit target — quality company conversion,DROPPED,SELF_STRATEGY,Placements,PLC,Quality Placement,P1,Critical,Placement Head,,,Senior Manager,,Weekly,,,,YES,,2026-04-28 20:24:42.239,2026-04-29 13:02:03.986,2026-04-29 13:02:03.985,,,
cmoj2rf9g006dxk85m3xma1o4,PLC-005,Training effectiveness — student improvement report,DROPPED,SELF_STRATEGY,Placements,PLC,Training Effectiveness,P1,Critical,Training Head,,,Senior Manager,,Weekly,,,,YES,,2026-04-28 20:24:42.244,2026-04-29 13:02:03.986,2026-04-29 13:02:03.985,,,
cmoj2rf9s006jxk85poj7oad7,PLC-008,Benchmarking comparison with other institutes,DROPPED,SELF_STRATEGY,Placements,PLC,Quality Placement,P2,Important,Placement Strategy Team,,,Senior Manager,,Monthly,,,,YES,,2026-04-28 20:24:42.256,2026-04-29 13:02:03.986,2026-04-29 13:02:03.985,,,
cmoj2rf9w006lxk85gjk1tvw8,AIC-001,Revenue model and proposal,DROPPED,SELF_STRATEGY,AIC RAISE,AIC,Revenue Model,P1,Critical,Pradeepraj,,,Senior Manager,,Monthly,,,,NO,,2026-04-28 20:24:42.26,2026-04-29 13:02:03.986,2026-04-29 13:02:03.985,,,
cmoj2rfa8006rxk85ad087ahj,AIC-004,New schemes application tracker,DROPPED,SELF_STRATEGY,AIC RAISE,AIC,Investment & Schemes,P2,Important,AIC Team,,,Senior Manager,,Monthly,,,,NO,,2026-04-28 20:24:42.272,2026-04-29 13:02:03.986,2026-04-29 13:02:03.985,,,
cmoj2rfab006txk8556h6io5w,AIC-005,Concept note / proposal documents,DROPPED,SELF_STRATEGY,AIC RAISE,AIC,Revenue Model,P1,Critical,Pradeepraj,,,Senior Manager,,Need-based,,,,NO,,2026-04-28 20:24:42.276,2026-04-29 13:02:03.986,2026-04-29 13:02:03.985,,,
cmoj2rfay006zxk85dqkqhja6,AIC-008,TEDx event execution plan,DROPPED,SELF_STRATEGY,AIC RAISE,AIC,Incubation Events,P2,Important,Event Lead,,,Senior Manager,,Need-based,,,,NO,,2026-04-28 20:24:42.298,2026-04-29 13:02:03.986,2026-04-29 13:02:03.985,,,
cmoj2rfb10071xk857e4i3yo1,RGU-001,RGU prelaunch roadmap,DROPPED,SELF_STRATEGY,RGU,RGU,Prelaunch,P1,Critical,RGU Core Team,,,Senior Manager,,Weekly,,,,YES,,2026-04-28 20:24:42.301,2026-04-29 13:02:03.986,2026-04-29 13:02:03.985,,,
cmoj2rfbh0079xk85zec0v8m8,RGU-005,Pride moments and change adoption strategy,DROPPED,SELF_STRATEGY,RGU,RGU,Change Management,P1,Critical,RGU Lead,,,Senior Manager,,Weekly,,,,YES,,2026-04-28 20:24:42.317,2026-04-29 13:02:03.986,2026-04-29 13:02:03.985,,,
cmoj2rfbl007bxk85smdexoy7,RGU-006,Global Skill Passport framework,DROPPED,SELF_STRATEGY,RGU,RGU,Academic Setup,P1,Critical,Academic Head,,,Senior Manager,,Weekly,,,,YES,,2026-04-28 20:24:42.321,2026-04-29 13:02:03.986,2026-04-29 13:02:03.985,,,
cmpdkpnfm00405tvm42qk2ry6,FDMPA-001,CDF HoD-Coat for lady faculties,COMPLETED,SELF_STRATEGY,"Fashion Design, Media & Performing Arts",FDMPA,,P2,Important,,,,Senior Manager,,,,,,NO,,2026-05-20 04:40:17.89,2026-06-10 06:25:33.479,,,,
cmok2zxyw0030p2zx8woiygko,RGU-014,Kit for IT employees,WAITING_FOR_APPROVAL,SELF_STRATEGY,Marketing,MKT,,P3,Operational,Pandi Elavarasan,,,Senior Manager,,,,,,YES,,2026-04-29 13:19:05.894,2026-06-10 06:59:30.209,,,,
cmol04e340008lltvpm473qod,MKT-051,Malayalam Video for Viscom,COMPLETED,SELF_STRATEGY,Marketing,MKT,Physical Marketing,P2,Important,,,,Senior Manager,2026-05-04 00:00:00,,,,,NO,,2026-04-30 04:46:20.752,2026-06-10 06:36:41.205,,,,
cmol467yz008elltvjj75mv3k,MKT-061,Career Path in Fashion,NOT_STARTED,SELF_STRATEGY,Marketing,MKT,Physical Marketing,P2,Important,Aruna,,,Senior Manager,2026-05-19 00:00:00,,,,,NO,,2026-04-30 06:39:44.603,2026-06-10 06:37:22.697,,,,
cmokzhm2c000954jt2as9x713,MKT-045,Reel and Webinar sent to biology students in Raw data campaign,COMPLETED,DEPARTMENT_MEETING,Marketing,MKT,Physical Marketing,P1,Critical,Pandi Elavarasan,,,Senior Manager,2026-04-30 00:00:00,,,,,NO,,2026-04-30 04:28:38.004,2026-06-10 06:14:03.013,,,,
cmojmehr10003p2zxmb92v3uv,RGU-009,HBS Learning Review,DROPPED,DEPARTMENT_MEETING,RGU,RGU,Academic Setup,P1,Critical,Academic Head,,,Senior Manager,2026-04-29 00:00:00,,,Approval,,YES,,2026-04-29 05:34:31.261,2026-04-30 07:25:25.097,2026-04-30 07:25:25.096,,,
cmq7r4xqq00d8nlreltdhfpeh,RSH-001,Research Board Meeting,NOT_STARTED,SELF_STRATEGY,Research,RSH,,P3,Operational,Sabareesh,,,Super Admin,2026-06-24 00:00:00,Monthly,,,,NO,,2026-06-10 07:33:14.066,2026-06-10 07:33:14.066,,,,
cmq7r82rl00drnlreykayyylu,REG-002,JD Dashboard,NOT_STARTED,BOSS_INSTRUCTION,Registrar,REG,,P1,Critical,,,,Super Admin,2026-06-11 00:00:00,,,,,NO,,2026-06-10 07:35:40.546,2026-06-10 07:35:40.546,,,,
cmqeu96tl00glnlrejclj6v5x,RGU-077,Yellow card system to be implemented for attendance violations - Dr.Krishnaraj,NOT_STARTED,SELF_STRATEGY,RGU,RGU,Academic Setup,P1,Critical,,,,Senior Manager,,,,,,NO,,2026-06-15 06:34:54.538,2026-06-15 07:23:32.847,,,,
cmpfah9m10026zj6st3ss4wnd,RGU-057,VIP Guest List,COMPLETED,SELF_STRATEGY,RGU,RGU,Launch,P1,Critical,RTC Head,,,Senior Manager,,,,,,NO,,2026-05-21 09:29:22.921,2026-05-21 09:29:35.096,,,,
cmpfai432002hzj6sqi6tnypw,RGU-058,Chief Guest,COMPLETED,SELF_STRATEGY,RGU,RGU,Launch,P1,Critical,RTC Head,,,Senior Manager,,,,,,NO,,2026-05-21 09:30:02.414,2026-05-21 09:30:10.27,,,,
cmq7naffz002dnlreb7zuqr4s,MKT-101,"Increase lead generation for RPET,RSAT",NOT_STARTED,SELF_STRATEGY,Marketing,MKT,Digital Marketing,P2,Important,Meghala,,,Senior Manager,2026-06-13 00:00:00,,,,,NO,,2026-06-10 05:45:31.823,2026-06-10 06:16:27.735,,,,
cmpfaizbs002szj6s4b9a2bnt,RGU-059,Commitment Card,COMPLETED,SELF_STRATEGY,RGU,RGU,Launch,P1,Critical,RTC Head,,,Senior Manager,,,,,,NO,,2026-05-21 09:30:42.904,2026-05-21 09:30:54.008,,,,
cmpv3cc1p0002zsl63cvbi0he,SSP-001,MBA Brochure,IN_PROGRESS,SELF_STRATEGY,Special Strategic Projects,SSP,,P1,Critical,Arunraaj Manickaraj,,,Senior Manager,2026-06-04 00:00:00,,,,,NO,,2026-06-01 10:53:54.301,2026-06-10 07:05:20.008,,,,
cmpfak7bx0033zj6sqzxymmad,RGU-060,School Video Launching,COMPLETED,SELF_STRATEGY,RGU,RGU,Launch,P1,Critical,RTC Head,,,Senior Manager,,,,,,NO,,2026-05-21 09:31:39.933,2026-05-21 09:31:49.126,,,,
cmpfal5g6003ezj6shbl1fc0j,RGU-061,School Video Launching,COMPLETED,SELF_STRATEGY,RGU,RGU,Launch,P1,Critical,RTC Head,,,Senior Manager,,,,,,NO,,2026-05-21 09:32:24.151,2026-05-21 09:32:32.307,,,,
cmpfbvuqj003pzj6sjlpsmy1v,RGU-062,Self Booth Completed,COMPLETED,SELF_STRATEGY,RGU,RGU,Launch,P1,Critical,RTC Head,,,Senior Manager,,,,,,NO,,2026-05-21 10:08:43.1,2026-05-21 10:09:11.653,,,,
cmpfbz7d40040zj6siu2i1c96,CRT-040,RGU Ledger,COMPLETED,SELF_STRATEGY,Creative,CRT,,P1,Critical,,,,Senior Manager,,,,,,NO,,2026-05-21 10:11:19.433,2026-05-21 10:11:34.094,,,,
cmq584ycb001hnlrehrn5g1c1,MKT-098,Walkin Dashboard,NOT_STARTED,SELF_STRATEGY,Marketing,MKT,Digital Marketing,P1,Critical,Meghala,,,Senior Manager,,,,,,NO,,2026-06-08 13:05:49.788,2026-06-10 05:56:31.866,,,,
cmpfbzzk9004bzj6swpsiqka4,CRT-041,Table Mug,COMPLETED,SELF_STRATEGY,Creative,CRT,,P1,Critical,,,,Senior Manager,,,,,,NO,,2026-05-21 10:11:55.977,2026-05-21 10:12:04.008,,,,
cmq1zgucx000lnlrepx4yrq4i,RTC-019,AI assisted teaching,NOT_STARTED,SELF_STRATEGY,RTC,RTC,,P1,Critical,Dr.Arun Kumar,,,Senior Manager,,,,,,NO,,2026-06-06 06:39:49.425,2026-06-10 05:58:41.574,,,,
cmpfc0xqj004mzj6sahnyt67u,CRT-042,Mug,COMPLETED,SELF_STRATEGY,Creative,CRT,,P1,Critical,,,,Senior Manager,,,,,,NO,,2026-05-21 10:12:40.267,2026-05-21 10:12:59.7,,,,
cmpfc1ody004xzj6s7ryw72px,CRT-043,T-Shirt,COMPLETED,SELF_STRATEGY,Creative,CRT,,P1,Critical,,,,Senior Manager,,,,,,NO,,2026-05-21 10:13:14.807,2026-05-21 10:13:25.427,,,,
cmq7r6ib900dgnlreli5ui3zw,RGU-068,BBA Aviation Arivupattarai Plan,NOT_STARTED,DEPARTMENT_MEETING,RGU,RGU,Academic Setup,P1,Critical,Dr.Krishnaraj,,,Super Admin,2026-06-16 00:00:00,,,,,NO,,2026-06-10 07:34:27.382,2026-06-10 07:34:39.472,,,,
cmol0namz002klltv53v7voiu,RGU-023,School & RGU Flags Raised,COMPLETED,SELF_STRATEGY,RGU,RGU,Launch,P1,Critical,,,,Senior Manager,,,,,,NO,,2026-04-30 05:01:02.747,2026-06-10 06:10:53.787,,,,
cmqeu9ol000gtnlre4g3q89uz,RGU-078,CAT plan needs to be prepared and monitored - Dr.Raje (CAT Team),NOT_STARTED,SELF_STRATEGY,RGU,RGU,Academic Setup,P1,Critical,,,,Senior Manager,,,,,,NO,,2026-06-15 06:35:17.557,2026-06-15 07:24:23.931,,,,
cmqeubm5y00h9nlre35vay5fk,RGU-080,Assessment process and evaluation framework need to be finalized - Dr.Raje (CAT Team),NOT_STARTED,SELF_STRATEGY,RGU,RGU,Academic Setup,P1,Critical,,,,Senior Manager,,,,,,NO,,2026-06-15 06:36:47.734,2026-06-15 07:25:32.683,,,,
cmqeuccux00hhnlre1z3cnhvd,RGU-081,Assessment outcomes and expected deliverables need to be finalized - Dr.Raje (CAT Team),NOT_STARTED,SELF_STRATEGY,RGU,RGU,Academic Setup,P1,Critical,,,,Senior Manager,,,,,,NO,,2026-06-15 06:37:22.329,2026-06-15 07:25:59.135,,,,
cmqeuedlg00hxnlreojqkaxpm,RGU-083,School of Media & Performing Arts - Attendance and learning outcomes need to be monitored regularly - Dr.Krishnaraj,NOT_STARTED,SELF_STRATEGY,RGU,RGU,Academic Setup,P1,Critical,,,,Senior Manager,,,,,,NO,,2026-06-15 06:38:56.597,2026-06-15 07:27:50.079,,,,
cmqew8dbm00kbnlredop4kuo1,RGU-087,School of Fashion Design - Student feedback to be collected regularly - Dr.Krishnaraj,NOT_STARTED,SELF_STRATEGY,RGU,RGU,Academic Setup,P1,Critical,,,,Senior Manager,,,,,,NO,,2026-06-15 07:30:15.538,2026-06-15 07:30:15.538,,,,
cmqew91d600kjnlre6ljn7wu3,RGU-088,"School of Fashion Design - Uniform plan to be finalized - Dr.Aruna,Dr.Krishnaraj",NOT_STARTED,SELF_STRATEGY,RGU,RGU,Academic Setup,P1,Critical,,,,Senior Manager,,,,,,NO,,2026-06-15 07:30:46.698,2026-06-15 07:30:46.698,,,,
cmpfcose3007szj6sqfa9w92a,RGU-063,Printed Diary for Academician,COMPLETED,SELF_STRATEGY,Creative,CRT,,P2,Important,,,,Senior Manager,,,,,,NO,,2026-05-21 10:31:13.083,2026-06-10 06:49:21.987,,,,
cmpfcflg90074zj6slbd41xqb,CRT-050,Three cards,COMPLETED,SELF_STRATEGY,Creative,CRT,,P1,Critical,,,,Senior Manager,,,,,,NO,,2026-05-21 10:24:04.185,2026-05-21 10:24:25.084,,,,
cmpfcwkzl0083zj6syid80ji3,RGU-064,Printed Diary for Corporate,COMPLETED,SELF_STRATEGY,Creative,CRT,,P2,Important,,,,Senior Manager,,,,,,NO,,2026-05-21 10:37:16.738,2026-06-10 06:50:03.972,,,,
cmqafcnk800ednlre4fggtb9s,MKT-103,Eachanari Bus stop Branding - Jimry,NOT_STARTED,SELF_STRATEGY,Marketing,MKT,Physical Marketing,P1,Critical,,,,Senior Manager,,,,,,NO,,2026-06-12 04:26:37.256,2026-06-12 04:26:37.256,,,,
cmqeub0o900h1nlrewaiidrf2,RGU-079,Assessment plan to be standardized and implemented commonly across all levels - Dr.Raje (CAT Team),NOT_STARTED,SELF_STRATEGY,RGU,RGU,Academic Setup,P1,Critical,,,,Senior Manager,,,,,,NO,,2026-06-15 06:36:19.881,2026-06-15 07:24:54.767,,,,
cmqeudcjc00hpnlrevdk2mdm5,RGU-082,115 offer letters need to be collected and properly documented by the Placement Office - Siva sir,NOT_STARTED,SELF_STRATEGY,RGU,RGU,Academic Setup,P1,Critical,,,,Senior Manager,,,,,,NO,,2026-06-15 06:38:08.569,2026-06-15 07:26:23.116,,,,
cmqeuet0y00i5nlre93jnn1bp,RGU-084,School of Media & Performing Arts - Feedback to be collected for all events conducted - Dr.Krishnaraj,NOT_STARTED,SELF_STRATEGY,RGU,RGU,Academic Setup,P1,Critical,,,,Senior Manager,,,,,,NO,,2026-06-15 06:39:16.594,2026-06-15 07:28:29.794,,,,
cmqewcxpe00krnlrejzjny51u,RGU-089,"School of Fashion Design - Demo Day calendar, concepts, and expected outcomes to be finalized - Department Team",NOT_STARTED,SELF_STRATEGY,RGU,RGU,Academic Setup,P1,Critical,,,,Senior Manager,,,,,,NO,,2026-06-15 07:33:48.578,2026-06-15 07:33:48.578,,,,
cmqeweiep00l7nlre2sk5d371,RGU-091,"School of Fashion Design - Budget requirement for learning activities to be discussed and finalized - Dr.Aruna ,Dr.Krishnaraj",NOT_STARTED,SELF_STRATEGY,RGU,RGU,Academic Setup,P1,Critical,,,,Senior Manager,,,,,,NO,,2026-06-15 07:35:02.066,2026-06-15 07:35:02.066,,,,
cmqewfx8700lnnlrez220usct,RGU-093,School of Psychology - Two days of casual dress plan can be considered for students - Dr.Seetha,NOT_STARTED,SELF_STRATEGY,RGU,RGU,Academic Setup,P1,Critical,,,,Senior Manager,,,,,,NO,,2026-06-15 07:36:07.927,2026-06-15 07:36:07.927,,,,
cmq58c4kq001pnlres3zw0z7z,MKT-099,Bharathiyar university Data Dshboard,NOT_STARTED,SELF_STRATEGY,Marketing,MKT,Digital Marketing,P1,Critical,Meghala,,,Senior Manager,,,,,,NO,,2026-06-08 13:11:24.459,2026-06-10 05:55:55.124,,,,
cmq2990eg000tnlreiiooserz,CRT-052,Chairman sir profile correction,NOT_STARTED,SELF_STRATEGY,Creative,CRT,,P1,Critical,Team Leader,,,Senior Manager,,,,,,NO,,2026-06-06 11:13:40.168,2026-06-10 05:58:15.079,,,,
cmpryoz9f002mo3hnnaxdgaih,MKT-090,Individual analysis on 45 dropouts,COMPLETED,MRM,Marketing,MKT,Physical Marketing,P1,Critical,,,,Senior Manager,2026-06-02 00:00:00,,,,,NO,Present the data in next MRM,2026-05-30 06:20:27.652,2026-06-10 06:02:16.802,,,,
cmpfet8hv008ezj6ss9vbk6ms,RTC-016,Preparation for Minor Degree Program and Student Offerings for 2nd & 3rd Year Student- Krishnaraj,COMPLETED,SELF_STRATEGY,RTC,RTC,RTC Operations,P1,Critical,,,,Senior Manager,,,,,,NO,,2026-05-21 11:30:39.812,2026-06-10 06:04:55.495,,,,
cmphuxagz000apua17ulbl6vy,MKT-076,Campaign for Bharathiyar Universtiy Data,NOT_STARTED,SELF_STRATEGY,Marketing,MKT,Digital Marketing,P2,Important,Meghala,,,Senior Manager,,,,,,NO,,2026-05-23 04:37:15.203,2026-06-10 06:27:31.277,,,,
cmqaved8h00elnlres4mjfnpd,MKT-104,"Student Undertaking-RGU,RTC,Pharmacy,Physio",NOT_STARTED,SELF_STRATEGY,Marketing,MKT,,P1,Critical,,,,Super Admin,2026-07-01 00:00:00,,,,,NO,,2026-06-12 11:55:51.041,2026-06-12 11:55:51.041,,,,
cmqettjab00etnlre4xhpzr0l,RGU-069,Day-wise attendance percentage needs to be monitored and reviewed regularly - Dr.Manikandan,NOT_STARTED,SELF_STRATEGY,RGU,RGU,Academic Setup,P1,Critical,,,,Senior Manager,,,,,,NO,,2026-06-15 06:22:44.196,2026-06-15 07:09:06.341,,,,
cmqeu2utz00fpnlre2kcnxfsj,RGU-073,Feedback to be collected on MAT classes and LinkedIn Learning initiatives - Dr.Krishnaraj,NOT_STARTED,SELF_STRATEGY,RGU,RGU,Academic Setup,P1,Critical,,,,Senior Manager,,,,,,NO,,2026-06-15 06:29:59.063,2026-06-15 07:12:05.041,,,,
cmqewdrtf00kznlrexpwfvkb8,RGU-090,School of Fashion Design - Classes to be started for the 19 enrolled students with small deliverables and home assignments - Dr.Aruna,NOT_STARTED,SELF_STRATEGY,RGU,RGU,Academic Setup,P1,Critical,,,,Senior Manager,,,,,,NO,,2026-06-15 07:34:27.604,2026-06-15 07:34:27.604,,,,
cmqewf6as00lfnlre03ljgkmo,RGU-092,School of Psychology - UG First Year uniform plan to be prepared - Dr.Seetha,NOT_STARTED,SELF_STRATEGY,RGU,RGU,Academic Setup,P1,Critical,,,,Senior Manager,,,,,,NO,,2026-06-15 07:35:33.028,2026-06-15 07:35:33.028,,,,
cmq58de2a001xnlreupd44uws,MKT-100,Alumni Scholarship,NOT_STARTED,SELF_STRATEGY,Marketing,MKT,Physical Marketing,P1,Critical,Pandi Elavarasan,,,Senior Manager,,,,,,NO,,2026-06-08 13:12:23.41,2026-06-10 05:56:09.995,,,,
cmq57fwdb0011nlre6xctwu7g,RGU-066,"Scholarship Target English-25 , Maths and Physic -50  - Pandi, Ramesh",NOT_STARTED,SELF_STRATEGY,Marketing,MKT,Physical Marketing,P1,Critical,Pandi Elavarasan,,,Senior Manager,,,,,,NO,,2026-06-08 12:46:20.831,2026-06-10 05:57:39.579,,,,
cmpfacacy0011zj6s66ij16ka,RGU-053,Hoarding for RGU with Jasmine advertisement - Pandi,COMPLETED,SELF_STRATEGY,RGU,RGU,Launch,P1,Critical,,,,Senior Manager,,,,,,NO,,2026-05-21 09:25:30.61,2026-06-10 06:06:05.248,,,,
cmpgjtvb10002s5db01b4ovs5,RTC-017,M-lab location rename Room Allocation - Block Drawing - Krishnaraj,NOT_STARTED,SELF_STRATEGY,RTC,RTC,RTC Operations,P2,Important,,,,Senior Manager,,,,,,NO,,2026-05-22 06:38:53.628,2026-05-25 05:04:11.477,,,,
cmpfa2oat000izj6s6p58dzvq,RGU-052,Corporate & Academic Council Thank You Poster - Krishnaraj,DELAYED,SELF_STRATEGY,RGU,RGU,Launch,P2,Important,RTC Head,,,Senior Manager,,,,,,NO,,2026-05-21 09:18:02.117,2026-06-10 06:15:17.607,,,,
cmpryweht003to3hnyf1frf4e,MKT-095,Separate page for each school in RGU website  and fix deadlines,NOT_STARTED,MRM,Marketing,MKT,Digital Marketing,P2,Important,Meghala,,,Senior Manager,2026-06-06 00:00:00,,,,,NO,Present the data in next MRM,2026-05-30 06:26:13.985,2026-06-10 06:19:32.257,,,,
cmpryugsw003lo3hntfyj7ovp,MKT-094,"Consultant admission for SRIET,Viscom,CDF and 45L budget is available",NOT_STARTED,MRM,Marketing,MKT,Physical Marketing,P2,Important,Pandi Elavarasan,,,Senior Manager,2026-06-06 00:00:00,,,,,NO,Present the data in next MRM,2026-05-30 06:24:43.664,2026-06-10 06:20:05.498,,,,
cmpnlg6gb000to3hnewn024ck,MKT-082,Viscom sathish-School brochure(2),COMPLETED,SELF_STRATEGY,Marketing,MKT,,P1,Critical,Academic Head,,,Senior Manager,,,,,,NO,,2026-05-27 04:58:37.355,2026-06-10 06:02:40.934,,,,
cmpryx73h0041o3hnkstx56ae,MKT-096,Walkin postmortem,COMPLETED,MRM,Marketing,MKT,Digital Marketing,P1,Critical,,,,Senior Manager,2026-06-06 00:00:00,,,,,NO,Present the data in next MRM,2026-05-30 06:26:51.054,2026-06-10 06:03:05.66,,,,
cmpry4i0f001ao3hnutxvgk18,MKT-084,Concession for High cutoff seats and whatsapp push,NOT_STARTED,MRM,Marketing,MKT,Physical Marketing,P1,Critical,Admission Manager,,,Senior Manager,2026-06-06 00:00:00,,,,,NO,Present the data in next MRM,2026-05-30 06:04:32.175,2026-05-30 06:04:32.175,,,,
cmprysoa8003do3hn48t4lij2,MKT-093,Ad can be initiated for SRIET and some budget can be alloted,NOT_STARTED,MRM,Marketing,MKT,Digital Marketing,P2,Important,Meghala,,,Senior Manager,2026-06-06 00:00:00,,,,,NO,Present the data in next MRM,2026-05-30 06:23:20.048,2026-06-10 06:20:33.353,,,,
cmpnldm02000lo3hn4chmma33,MKT-081,posters for courses with less admission - pandi,NOT_STARTED,SELF_STRATEGY,Marketing,MKT,Physical Marketing,P1,Critical,Pandi Elavarasan,,,Senior Manager,,,,,,NO,,2026-05-27 04:56:37.538,2026-06-10 06:03:40.792,,,,
cmphv4dle000ypua174r31sda,MKT-078,MBA Brochure - pandi,COMPLETED,SELF_STRATEGY,Marketing,MKT,Physical Marketing,P2,Important,Admission Manager,,,Senior Manager,,,,,,NO,,2026-05-23 04:42:45.842,2026-05-25 05:02:20.006,,,,
cmphv0uym000ipua1oq8ukdpv,MKT-077,Sir B.Com Video  Ad runnig  impact - meghala,COMPLETED,SELF_STRATEGY,Marketing,MKT,Digital Marketing,P1,Critical,Marketing Head,,,Senior Manager,,,,,,NO,,2026-05-23 04:40:01.727,2026-05-25 05:03:06.663,,,,
cmphutio60002pua1o97gj4or,MKT-075,Zomato Ad  - meghala,COMPLETED,SELF_STRATEGY,Marketing,MKT,Digital Marketing,P2,Important,Marketing Head,,,Senior Manager,,,,,,NO,,2026-05-23 04:34:19.205,2026-05-25 05:03:58.167,,,,
cmpkqsfyr0018qefwnqsa8a2c,MKT-080,Daily status of Untouched leads,NOT_STARTED,MRM,Marketing,MKT,Physical Marketing,P1,Critical,Admission Manager,,,Senior Manager,2026-05-25 00:00:00,Daily,,,,NO,Update in BN admission updates,2026-05-25 05:04:49.107,2026-05-25 05:04:49.107,,,,
cmpfci8l4007hzj6s43khnz5e,CRT-051,Brown cover,COMPLETED,SELF_STRATEGY,Creative,CRT,,P2,Important,,,,Senior Manager,,,,,,NO,,2026-05-21 10:26:07.48,2026-05-25 05:06:04.995,,,,
cmpfc2bu10058zj6s064iho1n,CRT-044,Water Bottle Branding,COMPLETED,SELF_STRATEGY,Creative,CRT,,P1,Critical,Team Leader,,,Senior Manager,,,,,,NO,,2026-05-21 10:13:45.194,2026-05-25 11:52:34.673,,,,
cmphv3006000qpua11czbfvsn,RGU-065,SIM Card Purchase - Ramesh,COMPLETED,SELF_STRATEGY,RGU,RGU,Academic Setup,P1,Critical,Admission Manager,,,Senior Manager,,,,,,NO,,2026-05-23 04:41:41.575,2026-06-10 06:04:19.278,,,,
cmpkqiwda000bqefw7kjjtp6d,MKT-079,Digital Marketing Plan for MBA & MCA,COMPLETED,MRM,Marketing,MKT,Digital Marketing,P1,Critical,,,,Senior Manager,2026-05-26 00:00:00,,,,Meeting is scheduled ,ONLY_IF_DELAYED,,2026-05-25 04:57:23.806,2026-06-10 06:05:24.757,,,,
cmpryn6hw0026o3hn5hxdebwc,MKT-088,Name change of  MA Journalism & Mass communication,COMPLETED,MRM,Marketing,MKT,,P2,Important,,,,Senior Manager,2026-06-06 00:00:00,,,,,NO,Present the data in next MRM,2026-05-30 06:19:03.717,2026-06-10 06:20:50.895,,,,
cmpryrktn0035o3hnf705olzi,MKT-092,Increase ad for MCA and promote MCA among RGU RSmart CSE Courses,NOT_STARTED,MRM,Marketing,MKT,Digital Marketing,P2,Important,Meghala,,,Senior Manager,2026-06-06 00:00:00,,,,,NO,Present the data in next MRM,2026-05-30 06:22:28.908,2026-06-10 06:21:36.918,,,,
cmpryqf1j002xo3hnuce4cxme,MKT-091,Increase admission for lateral entry,NOT_STARTED,MRM,Marketing,MKT,Physical Marketing,P2,Important,Ramesh,,,Senior Manager,2026-06-06 00:00:00,,,,,NO,Present the data in next MRM,2026-05-30 06:21:34.759,2026-06-10 06:22:14.745,,,,
cmpryo5fv002eo3hnxrep0wy8,MKT-089,Sports quota can be given for MBA IEV,NOT_STARTED,MRM,Marketing,MKT,Physical Marketing,P2,Important,Pandi Elavarasan,,,Senior Manager,2026-06-06 00:00:00,,,,,NO,Present the data in next MRM,2026-05-30 06:19:49.003,2026-06-10 06:22:55.775,,,,
cmprymbb3001yo3hn22w5etc7,MKT-087,Ad initiation for Counselling Psychology and PGDM,NOT_STARTED,MRM,Marketing,MKT,Digital Marketing,P2,Important,Meghala,,,Senior Manager,2026-06-06 00:00:00,,,,,NO,Present the data in next MRM,2026-05-30 06:18:23.295,2026-06-10 06:23:49.58,,,,
cmprykt7x001qo3hn8p7h4nww,MKT-086,Pure B.Com with Integrated CA training (Target 200 seats),NOT_STARTED,MRM,Marketing,MKT,Physical Marketing,P2,Important,Pandi Elavarasan,,,Senior Manager,2026-06-06 00:00:00,,,,,NO,Present the data in next MRM,2026-05-30 06:17:13.197,2026-06-10 06:24:14.954,,,,
cmpryjcoj001io3hn8v7n13dn,MKT-085,Full seat concession for accountancy,NOT_STARTED,MRM,Marketing,MKT,Physical Marketing,P2,Important,Pandi Elavarasan,,,Senior Manager,2026-06-06 00:00:00,,,,,NO,Present the data in next MRM,2026-05-30 06:16:05.107,2026-06-10 06:25:04.701,,,,
cmprxwnx20012o3hnb5m39hy7,MKT-083,Post Admission Process to be reviewed,NOT_STARTED,MRM,Marketing,MKT,Physical Marketing,P2,Important,Pandi Elavarasan,,,Senior Manager,2026-06-06 00:00:00,,,,To be present in next MRM,NO,,2026-05-30 05:58:26.583,2026-06-10 06:26:42.115,,,,
cmqetu6oe00f1nlreqxo683hw,RGU-070,Assessment feedback to be collected from students and analyzed for improvement - Dr.Krishnaraj,NOT_STARTED,SELF_STRATEGY,RGU,RGU,Academic Setup,P1,Critical,,,,Senior Manager,,,,,,NO,,2026-06-15 06:23:14.51,2026-06-15 07:13:03.219,,,,
cmpurcb6w002dp8dt7yh2bsa0,PLC-010,RGU Placement SOP,NOT_STARTED,PLACEMENT_REVIEW,Placements,PLC,,P2,Important,Dr.Sivasubramaniam,,,Senior Manager,2026-06-06 00:00:00,,,,,NO,,2026-06-01 05:17:57.8,2026-06-10 06:18:09.549,,,,
cmpuqw899001bp8dtudtx5te2,PLC-009,Entry of leads in the CRM & code generation for every company,NOT_STARTED,PLACEMENT_REVIEW,Placements,PLC,,P2,Important,Dr.Sivasubramaniam,,,Senior Manager,2026-06-06 00:00:00,,,,,NO,,2026-06-01 05:05:27.501,2026-06-10 06:19:00.969,,,,
cmqetvdr200f9nlrevvvlbmy4,RGU-071,Target to place 281 students before July to be tracked and achieved -  Dr.MAnikandan,NOT_STARTED,SELF_STRATEGY,RGU,RGU,Academic Setup,P1,Critical,,,,Senior Manager,,,,,,NO,,2026-06-15 06:24:10.334,2026-06-15 07:10:15.438,,,,
cmq7n8f510025nlre1w31hx79,RAALE-003,SOP for Growth card and Skill Passport,NOT_STARTED,SELF_STRATEGY,RAALE - Learning Ecosystem,RAALE,,P1,Critical,Dr.Arun Kumar,,,Senior Manager,2026-06-16 00:00:00,,,,,NO,,2026-06-10 05:43:58.118,2026-06-10 05:54:04.649,,,,
cmq57h13a0019nlrejtmle83m,MKT-097,PGDM ad running - Meghala,NOT_STARTED,SELF_STRATEGY,Marketing,MKT,Digital Marketing,P1,Critical,Meghala,,,Senior Manager,,,,,,NO,,2026-06-08 12:47:13.606,2026-06-10 05:56:53.214,,,,
cmq0vp5ie000anlrezeaf6fvx,RTC-018,Corporate Brochure,NOT_STARTED,SELF_STRATEGY,Marketing,MKT,Physical Marketing,P1,Critical,Pandi Elavarasan,,,Senior Manager,,,,,,NO,,2026-06-05 12:06:32.486,2026-06-10 05:59:15.632,,,,
cmp3mbnx8003c5tvma6wxrd37,MKT-074,Change of flex in front of College(pharm and physio) to RGU,COMPLETED,SELF_STRATEGY,Marketing,MKT,Physical Marketing,P1,Critical,,,,Senior Manager,,,,,,NO,,2026-05-13 05:27:42.811,2026-06-10 06:09:08.68,,,,
cmqeu4gl000fxnlrebbgbvsau,RGU-074,School of Commerce Fortnight bond can be collected and implemented for all schools - Dr.Krishnaraj,NOT_STARTED,SELF_STRATEGY,RGU,RGU,Academic Setup,P1,Critical,,,,Senior Manager,,,,,,NO,,2026-06-15 06:31:13.908,2026-06-15 07:21:42.102,,,,
