old_task_id,task_code,task_title,status,vertical_id,priority_id,created_by_id,team_name_to_assign,old_owner_role_id,secondary_team_name,old_sub_owner_id,user_name_to_assign,old_owner_user_id,mapping_notes
cmok35hwo0033p2zxobzj12at,RGU-015,Faculty Handbook Distribution,COMPLETED,cmol6xe3q009dlltva235e6ag,cmoj2reqs002qxk85b5tuberg,cmoj2rf13002xxk85dachrvmn,Senior Manager,cmoj2ren2000yxk85nm65jskt,,,,,Create TaskTeamAssignment for team 'Senior Manager' (old ownerRoleId=cmoj2ren2000yxk85nm65jskt)
cmq7p8zwk0092nlrervog00t8,RAALE-004,Peer Learning Student Community,NOT_STARTED,cmps0oof80003heomf5urdcuh,cmoj2reqm002oxk85v8rq58a6,cmoj2reur002txk85m6ya4byh,Dr.Raje,cmq7nfaw6002knlreo214j336,,,,,Create TaskTeamAssignment for team 'Dr.Raje' (old ownerRoleId=cmq7nfaw6002knlreo214j336)
cmokzm8k6000l54jtfzogvob3,MKT-047,Student undertaking documentation,NOT_STARTED,cmoj2rena0010xk85cuzrw5fp,cmoj2reqq002pxk85srkt5qsy,cmoj2rf13002xxk85dachrvmn,Pandi Elavarasan,cmq7njicv002nnlrejd4j6jq9,,,,,Create TaskTeamAssignment for team 'Pandi Elavarasan' (old ownerRoleId=cmq7njicv002nnlrejd4j6jq9)
cmokznkc3000r54jt1xfx3gn3,MKT-048,Discussion with Corporate Gurukul,PARKED,cmoj2rena0010xk85cuzrw5fp,cmoj2reqs002qxk85b5tuberg,cmoj2rf13002xxk85dachrvmn,Arunraaj Manickaraj,cmq7ntatd003snlre4m1hjjtw,,,,,Create TaskTeamAssignment for team 'Arunraaj Manickaraj' (old ownerRoleId=cmq7ntatd003snlre4m1hjjtw)
cmol10tub005hlltv7axlxwze,RGU-036,RGU Brochure,WAITING_FOR_APPROVAL,cmol6xe3q009dlltva235e6ag,cmoj2reqq002pxk85srkt5qsy,cmoj2rf13002xxk85dachrvmn,Udhaykumar,cmq7ph6ao009qnlrelql5uzyw,,,,,Create TaskTeamAssignment for team 'Udhaykumar' (old ownerRoleId=cmq7ph6ao009qnlrelql5uzyw)
cmoj2rf2p003dxk85l9efx3vn,MKT-008,Flex and hoardings campaign,DROPPED,cmoj2rena0010xk85cuzrw5fp,cmoj2reqs002qxk85b5tuberg,cmoj2rf13002xxk85dachrvmn,Branding Team,cmoj2rekp0006xk85gb0k37fh,,,,,Create TaskTeamAssignment for team 'Branding Team' (old ownerRoleId=cmoj2rekp0006xk85gb0k37fh)
cmoj2rf1e002zxk85a6knzd80,MKT-001,Weekly MRM and action-taken points review,DROPPED,cmoj2rena0010xk85cuzrw5fp,cmoj2reqm002oxk85v8rq58a6,cmoj2rf13002xxk85dachrvmn,Marketing Head,cmoj2rejg0000xk85c5u73l07,,,,,Create TaskTeamAssignment for team 'Marketing Head' (old ownerRoleId=cmoj2rejg0000xk85c5u73l07)
cmoqp77wq000u5tvm2k2xey51,MKT-066,"Increase digital spent in SAlem,Pollachi areas",COMPLETED,cmoj2rena0010xk85cuzrw5fp,cmoj2reqq002pxk85srkt5qsy,cmoj2rf13002xxk85dachrvmn,Digital Marketing Lead,cmoj2rejq0001xk85ldeu4uzh,,,,,Create TaskTeamAssignment for team 'Digital Marketing Lead' (old ownerRoleId=cmoj2rejq0001xk85ldeu4uzh)
cmoqpaore00165tvmaw2fu975,MKT-068,Common ad budget can be reduced and location specific ads can be increased,COMPLETED,cmoj2rena0010xk85cuzrw5fp,cmoj2reqq002pxk85srkt5qsy,cmoj2rf13002xxk85dachrvmn,Digital Marketing Lead,cmoj2rejq0001xk85ldeu4uzh,,,,,Create TaskTeamAssignment for team 'Digital Marketing Lead' (old ownerRoleId=cmoj2rejq0001xk85ldeu4uzh)
cmoqp5ps0000i5tvmjw33bt46,MKT-064,Fix a KPI for chat,NOT_STARTED,cmoj2rena0010xk85cuzrw5fp,cmoj2reqq002pxk85srkt5qsy,cmoj2rf13002xxk85dachrvmn,Meghala,cmq7niwjj002mnlreu3l0t5tp,,,,,Create TaskTeamAssignment for team 'Meghala' (old ownerRoleId=cmq7niwjj002mnlreu3l0t5tp)
cmoqp6xce000o5tvmkebvt656,MKT-065,"Chatbot for Viscom,Fahion & MBA",COMPLETED,cmoj2rena0010xk85cuzrw5fp,cmoj2reqq002pxk85srkt5qsy,cmoj2rf13002xxk85dachrvmn,Digital Marketing Lead,cmoj2rejq0001xk85ldeu4uzh,,,,,Create TaskTeamAssignment for team 'Digital Marketing Lead' (old ownerRoleId=cmoj2rejq0001xk85ldeu4uzh)
cmpfa4y3z000qzj6sjx7ty4bu,REG-001,Corporate & Academic Council Create a On Boarding poster,PARKED,cmoj2renr0014xk8560p00ufi,cmoj2reqm002oxk85v8rq58a6,cmoj2rf13002xxk85dachrvmn,Arunraaj Manickaraj,cmq7ntatd003snlre4m1hjjtw,,,,,Create TaskTeamAssignment for team 'Arunraaj Manickaraj' (old ownerRoleId=cmq7ntatd003snlre4m1hjjtw)
cmokzwsjv001f54jt5w5et3uh,RGU-019,Online Presentation for Google AI CoE,PARKED,cmoj2renr0014xk8560p00ufi,cmoj2reqm002oxk85v8rq58a6,cmoj2rf13002xxk85dachrvmn,Dr.Arun Kumar,cmq7nim27002lnlre2crctjbi,,,,,Create TaskTeamAssignment for team 'Dr.Arun Kumar' (old ownerRoleId=cmq7nim27002lnlre2crctjbi)
cmok2s20r002up2zxw7td5pdy,RGU-012,Online meeting with HBS with MBA leader,COMPLETED,cmoj2renr0014xk8560p00ufi,cmoj2reqm002oxk85v8rq58a6,cmoj2rf13002xxk85dachrvmn,Dr.Raje,cmq7nfaw6002knlreo214j336,,,,,Create TaskTeamAssignment for team 'Dr.Raje' (old ownerRoleId=cmq7nfaw6002knlreo214j336)
cmokzuevx001954jtdct4b9ot,MKT-049,Recruitment of coders through RSmart for Product engineers,NOT_STARTED,cmoj2rena0010xk85cuzrw5fp,cmoj2reqs002qxk85b5tuberg,cmoj2rf13002xxk85dachrvmn,Dr.Krishnaraj,cmq7ndj28002jnlregrv2smp4,,,,,Create TaskTeamAssignment for team 'Dr.Krishnaraj' (old ownerRoleId=cmq7ndj28002jnlregrv2smp4)
cmoqp9yyn00105tvmst9mr9ub,MKT-067,RTC UG & RCAS UG can be concentrated for Tiruppur,COMPLETED,cmoj2rena0010xk85cuzrw5fp,cmoj2reqs002qxk85b5tuberg,cmoj2rf13002xxk85dachrvmn,Digital Marketing Lead,cmoj2rejq0001xk85ldeu4uzh,,,,,Create TaskTeamAssignment for team 'Digital Marketing Lead' (old ownerRoleId=cmoj2rejq0001xk85ldeu4uzh)
cmoj2rf5d004lxk851n1731tw,MKT-030,Ad spend based on HE / ME / LE classification,DROPPED,cmoj2rena0010xk85cuzrw5fp,cmoj2reqm002oxk85v8rq58a6,cmoj2rf13002xxk85dachrvmn,Digital Marketing Lead,cmoj2rejq0001xk85ldeu4uzh,,,,,Create TaskTeamAssignment for team 'Digital Marketing Lead' (old ownerRoleId=cmoj2rejq0001xk85ldeu4uzh)
cmoj2rf5p004rxk85kocrovii,MKT-033,Social media dashboard,DROPPED,cmoj2rena0010xk85cuzrw5fp,cmoj2reqq002pxk85srkt5qsy,cmoj2rf13002xxk85dachrvmn,Social Media Lead,cmoj2relh000fxk85mq19wizh,,,,,Create TaskTeamAssignment for team 'Social Media Lead' (old ownerRoleId=cmoj2relh000fxk85mq19wizh)
cmpfafdfh001kzj6siu3h74vj,RGU-055,Corporate Logo Banners – PHotos,COMPLETED,cmol6xe3q009dlltva235e6ag,cmoj2reqm002oxk85v8rq58a6,cmoj2rf13002xxk85dachrvmn,RTC Head,cmoj2rell000gxk859tkogzrk,,,,,Create TaskTeamAssignment for team 'RTC Head' (old ownerRoleId=cmoj2rell000gxk859tkogzrk)
cmq7qxisr00cfnlrefryyuvrz,PLC-011,NCR Students Placements,NOT_STARTED,cmoj2renl0012xk85vwlmtkom,cmoj2reqq002pxk85srkt5qsy,cmoj2reur002txk85m6ya4byh,Dr.Sivasubramaniam,cmq7offsd006anlre1tzmc5k1,,,,,Create TaskTeamAssignment for team 'Dr.Sivasubramaniam' (old ownerRoleId=cmq7offsd006anlre1tzmc5k1)
cmpfaegdo0019zj6sn12qsnio,RGU-054,Distinguished Corporate – Photos,COMPLETED,cmoj2renr0014xk8560p00ufi,cmoj2reqm002oxk85v8rq58a6,cmoj2rf13002xxk85dachrvmn,RTC Head,cmoj2rell000gxk859tkogzrk,,,,,Create TaskTeamAssignment for team 'RTC Head' (old ownerRoleId=cmoj2rell000gxk859tkogzrk)
cmpfaga3h001vzj6sdvytoluj,RGU-056,Global University Connection,COMPLETED,cmoj2renr0014xk8560p00ufi,cmoj2reqm002oxk85v8rq58a6,cmoj2rf13002xxk85dachrvmn,RTC Head,cmoj2rell000gxk859tkogzrk,,,,,Create TaskTeamAssignment for team 'RTC Head' (old ownerRoleId=cmoj2rell000gxk859tkogzrk)
cmoj2rf38003lxk855f325tfs,MKT-012,HE / ME / LE course classification,COMPLETED,cmoj2rena0010xk85cuzrw5fp,cmoj2reqm002oxk85v8rq58a6,cmoj2rf13002xxk85dachrvmn,Marketing Head,cmoj2rejg0000xk85c5u73l07,,,,,Create TaskTeamAssignment for team 'Marketing Head' (old ownerRoleId=cmoj2rejg0000xk85c5u73l07)
cmq7r0rcr00cvnlreilqqodwa,RGU-067,RGU website content for each School,NOT_STARTED,cmoj2renr0014xk8560p00ufi,cmoj2reqs002qxk85b5tuberg,cmoj2reur002txk85m6ya4byh,Meghala,cmq7niwjj002mnlreu3l0t5tp,,,,,Create TaskTeamAssignment for team 'Meghala' (old ownerRoleId=cmq7niwjj002mnlreu3l0t5tp)
cmoj2rf1q0031xk854hu553ra,MKT-002,"Poor-performing course strategy (RTC, Viscom, Fashion, MBA, MCA, Physio, Pharmacy)",DROPPED,cmoj2rena0010xk85cuzrw5fp,cmoj2reqm002oxk85v8rq58a6,cmoj2rf13002xxk85dachrvmn,Marketing Head,cmoj2rejg0000xk85c5u73l07,,,,,Create TaskTeamAssignment for team 'Marketing Head' (old ownerRoleId=cmoj2rejg0000xk85c5u73l07)
cmoqpfls7001i5tvmcgy4wbk5,MKT-070,For RGU consultant admission test is mandatory,NOT_STARTED,cmoj2rena0010xk85cuzrw5fp,cmoj2reqs002qxk85b5tuberg,cmoj2rf13002xxk85dachrvmn,Pandi Elavarasan,cmq7njicv002nnlrejd4j6jq9,,,,,Create TaskTeamAssignment for team 'Pandi Elavarasan' (old ownerRoleId=cmq7njicv002nnlrejd4j6jq9)
cmol08emp001blltv3bod4x30,MKT-057,Webinar for photography and fashion,DELAYED,cmoj2rena0010xk85cuzrw5fp,cmoj2reqq002pxk85srkt5qsy,cmoj2rf13002xxk85dachrvmn,Sathishanandan,cmq7nk9dx002pnlreqvbn20u8,,,,,Create TaskTeamAssignment for team 'Sathishanandan' (old ownerRoleId=cmq7nk9dx002pnlreqvbn20u8)
cmol06rf2000nlltv4xh76si4,MKT-053,Alumni portfolio-5 videos (Viscom & Fashion),NOT_STARTED,cmoj2rena0010xk85cuzrw5fp,cmoj2reqq002pxk85srkt5qsy,cmoj2rf13002xxk85dachrvmn,Sathishanandan,cmq7nk9dx002pnlreqvbn20u8,,,,,Create TaskTeamAssignment for team 'Sathishanandan' (old ownerRoleId=cmq7nk9dx002pnlreqvbn20u8)
cmol1c9fj007klltv9uci9ey6,RGU-048,Square badge,COMPLETED,cmol6xe3q009dlltva235e6ag,cmoj2reqs002qxk85b5tuberg,cmoj2rf13002xxk85dachrvmn,Udhaykumar,cmq7ph6ao009qnlrelql5uzyw,,,,,Create TaskTeamAssignment for team 'Udhaykumar' (old ownerRoleId=cmq7ph6ao009qnlrelql5uzyw)
cmq7qzk8g00cnnlre3k6ebp4h,MKT-102,Increase RGU website traffic,NOT_STARTED,cmoj2rena0010xk85cuzrw5fp,cmoj2reqq002pxk85srkt5qsy,cmoj2reur002txk85m6ya4byh,Meghala,cmq7niwjj002mnlreu3l0t5tp,,,,,Create TaskTeamAssignment for team 'Meghala' (old ownerRoleId=cmq7niwjj002mnlreu3l0t5tp)
cmoj2rf1v0033xk856s2jr7jo,MKT-003,Lead generation tracking,DROPPED,cmoj2rena0010xk85cuzrw5fp,cmoj2reqm002oxk85v8rq58a6,cmoj2rf13002xxk85dachrvmn,Marketing Head,cmoj2rejg0000xk85c5u73l07,,,,,Create TaskTeamAssignment for team 'Marketing Head' (old ownerRoleId=cmoj2rejg0000xk85c5u73l07)
cmoj2rf220035xk85ao72mwp7,MKT-004,Lead nurturing for walk-ins,DROPPED,cmoj2rena0010xk85cuzrw5fp,cmoj2reqm002oxk85v8rq58a6,cmoj2rf13002xxk85dachrvmn,Counselling Head,cmoj2rekg0004xk85nt0ejoxw,,,,,Create TaskTeamAssignment for team 'Counselling Head' (old ownerRoleId=cmoj2rekg0004xk85nt0ejoxw)
cmoj2rf2b0037xk85k2xod7pv,MKT-005,Warm-to-hot conversion,DROPPED,cmoj2rena0010xk85cuzrw5fp,cmoj2reqm002oxk85v8rq58a6,cmoj2rf13002xxk85dachrvmn,Telecalling Head,cmoj2reju0002xk855t6ani9d,,,,,Create TaskTeamAssignment for team 'Telecalling Head' (old ownerRoleId=cmoj2reju0002xk855t6ani9d)
cmoj2rf2f0039xk85z51lr3qo,MKT-006,Walk-in to admission conversion,DROPPED,cmoj2rena0010xk85cuzrw5fp,cmoj2reqm002oxk85v8rq58a6,cmoj2rf13002xxk85dachrvmn,Admission Manager,cmoj2rejx0003xk85byy6yh6g,,,,,Create TaskTeamAssignment for team 'Admission Manager' (old ownerRoleId=cmoj2rejx0003xk85byy6yh6g)
cmoj2rf2k003bxk857gajcoce,MKT-007,Telecaller monitoring,DROPPED,cmoj2rena0010xk85cuzrw5fp,cmoj2reqm002oxk85v8rq58a6,cmoj2rf13002xxk85dachrvmn,Telecalling Head,cmoj2reju0002xk855t6ani9d,,,,,Create TaskTeamAssignment for team 'Telecalling Head' (old ownerRoleId=cmoj2reju0002xk855t6ani9d)
cmoj2rf2t003fxk85zqlwg3pa,MKT-009,Newspaper and inserts,DROPPED,cmoj2rena0010xk85cuzrw5fp,cmoj2reqs002qxk85b5tuberg,cmoj2rf13002xxk85dachrvmn,Marketing Head,cmoj2rejg0000xk85c5u73l07,,,,,Create TaskTeamAssignment for team 'Marketing Head' (old ownerRoleId=cmoj2rejg0000xk85c5u73l07)
cmoj2rf2y003hxk85sjzz4zqn,MKT-010,Expos coordination,DROPPED,cmoj2rena0010xk85cuzrw5fp,cmoj2reqq002pxk85srkt5qsy,cmoj2rf13002xxk85dachrvmn,Marketing Head,cmoj2rejg0000xk85c5u73l07,,,,,Create TaskTeamAssignment for team 'Marketing Head' (old ownerRoleId=cmoj2rejg0000xk85c5u73l07)
cmoj2rf33003jxk85nv7d9keq,MKT-011,Budget spent review,DROPPED,cmoj2rena0010xk85cuzrw5fp,cmoj2reqm002oxk85v8rq58a6,cmoj2rf13002xxk85dachrvmn,Accounts,cmoj2rekz0009xk85ahoq1eb8,,,,,Create TaskTeamAssignment for team 'Accounts' (old ownerRoleId=cmoj2rekz0009xk85ahoq1eb8)
cmoj2rf3d003nxk85xeihqzcd,MKT-013,New strategy formulation with Dr. BN,DROPPED,cmoj2rena0010xk85cuzrw5fp,cmoj2reqm002oxk85v8rq58a6,cmoj2rf13002xxk85dachrvmn,Senior Manager,cmoj2ren2000yxk85nm65jskt,,,,,Create TaskTeamAssignment for team 'Senior Manager' (old ownerRoleId=cmoj2ren2000yxk85nm65jskt)
cmoj2rf3h003pxk859rl0ut4u,MKT-014,Brochures and content creation,DROPPED,cmoj2rena0010xk85cuzrw5fp,cmoj2reqq002pxk85srkt5qsy,cmoj2rf13002xxk85dachrvmn,Content Team,cmoj2reks0007xk85meshx517,,,,,Create TaskTeamAssignment for team 'Content Team' (old ownerRoleId=cmoj2reks0007xk85meshx517)
cmoj2rf3l003rxk85chlzwofl,MKT-015,Raw data campaigning,DROPPED,cmoj2rena0010xk85cuzrw5fp,cmoj2reqq002pxk85srkt5qsy,cmoj2rf13002xxk85dachrvmn,Telecalling Head,cmoj2reju0002xk855t6ani9d,,,,,Create TaskTeamAssignment for team 'Telecalling Head' (old ownerRoleId=cmoj2reju0002xk855t6ani9d)
cmoj2rf3p003txk858p0zzwkz,MKT-016,AI calls operations,DROPPED,cmoj2rena0010xk85cuzrw5fp,cmoj2reqq002pxk85srkt5qsy,cmoj2rf13002xxk85dachrvmn,CRM Team,cmoj2rekv0008xk85au7zhlcu,,,,,Create TaskTeamAssignment for team 'CRM Team' (old ownerRoleId=cmoj2rekv0008xk85au7zhlcu)
cmoj2rf3t003vxk85zqtt56nd,MKT-017,AI chat operations,DROPPED,cmoj2rena0010xk85cuzrw5fp,cmoj2reqq002pxk85srkt5qsy,cmoj2rf13002xxk85dachrvmn,Digital Marketing Lead,cmoj2rejq0001xk85ldeu4uzh,,,,,Create TaskTeamAssignment for team 'Digital Marketing Lead' (old ownerRoleId=cmoj2rejq0001xk85ldeu4uzh)
cmoj2rf3x003xxk856ji2hsir,MKT-018,Webinars by department,DROPPED,cmoj2rena0010xk85cuzrw5fp,cmoj2reqq002pxk85srkt5qsy,cmoj2rf13002xxk85dachrvmn,Marketing Head,cmoj2rejg0000xk85c5u73l07,,,,,Create TaskTeamAssignment for team 'Marketing Head' (old ownerRoleId=cmoj2rejg0000xk85c5u73l07)
cmoj2rf41003zxk8529pe158d,MKT-019,School admissions review,DROPPED,cmoj2rena0010xk85cuzrw5fp,cmoj2reqm002oxk85v8rq58a6,cmoj2rf13002xxk85dachrvmn,School Team,cmoj2rel1000axk85favjg5po,,,,,Create TaskTeamAssignment for team 'School Team' (old ownerRoleId=cmoj2rel1000axk85favjg5po)
cmoj2rf460041xk855me2p549,MKT-020,Walk-in dashboard,DROPPED,cmoj2rena0010xk85cuzrw5fp,cmoj2reqm002oxk85v8rq58a6,cmoj2rf13002xxk85dachrvmn,Admission Manager,cmoj2rejx0003xk85byy6yh6g,,,,,Create TaskTeamAssignment for team 'Admission Manager' (old ownerRoleId=cmoj2rejx0003xk85byy6yh6g)
cmoj2rf4a0043xk854put8f0a,MKT-021,Consultant dashboard,DROPPED,cmoj2rena0010xk85cuzrw5fp,cmoj2reqm002oxk85v8rq58a6,cmoj2rf13002xxk85dachrvmn,Consultant Coordinator,cmoj2rel4000bxk85g8otk168,,,,,Create TaskTeamAssignment for team 'Consultant Coordinator' (old ownerRoleId=cmoj2rel4000bxk85g8otk168)
cmoj2rf4e0045xk85ytihkscc,MKT-022,Overall leads dashboard,DROPPED,cmoj2rena0010xk85cuzrw5fp,cmoj2reqm002oxk85v8rq58a6,cmoj2rf13002xxk85dachrvmn,CRM Team,cmoj2rekv0008xk85au7zhlcu,,,,,Create TaskTeamAssignment for team 'CRM Team' (old ownerRoleId=cmoj2rekv0008xk85au7zhlcu)
cmoj2rf4j0047xk85r5mkphdo,MKT-023,Student deliverables documentation,DROPPED,cmoj2rena0010xk85cuzrw5fp,cmoj2reqm002oxk85v8rq58a6,cmoj2rf13002xxk85dachrvmn,Academic Team,cmoj2relr000ixk85kn3hysxs,,,,,Create TaskTeamAssignment for team 'Academic Team' (old ownerRoleId=cmoj2relr000ixk85kn3hysxs)
cmoj2rf4n0049xk8505zv1fy0,MKT-024,Student Experience Centre feedback,DROPPED,cmoj2rena0010xk85cuzrw5fp,cmoj2reqm002oxk85v8rq58a6,cmoj2rf13002xxk85dachrvmn,Student Affairs,cmoj2relu000jxk85u14s3336,,,,,Create TaskTeamAssignment for team 'Student Affairs' (old ownerRoleId=cmoj2relu000jxk85u14s3336)
cmoj2rf4r004bxk85gte0d4hn,MKT-025,USP document for each course,DROPPED,cmoj2rena0010xk85cuzrw5fp,cmoj2reqm002oxk85v8rq58a6,cmoj2rf13002xxk85dachrvmn,Content Team,cmoj2reks0007xk85meshx517,,,,,Create TaskTeamAssignment for team 'Content Team' (old ownerRoleId=cmoj2reks0007xk85meshx517)
cmoj2rf4v004dxk85eirl2wq3,MKT-026,GIP request form processing,DROPPED,cmoj2rena0010xk85cuzrw5fp,cmoj2reqq002pxk85srkt5qsy,cmoj2rf13002xxk85dachrvmn,Admission Manager,cmoj2rejx0003xk85byy6yh6g,,,,,Create TaskTeamAssignment for team 'Admission Manager' (old ownerRoleId=cmoj2rejx0003xk85byy6yh6g)
cmoj2rf50004fxk85ev9ju272,MKT-027,Alumni Is Our Pride distribution,DROPPED,cmoj2rena0010xk85cuzrw5fp,cmoj2reqq002pxk85srkt5qsy,cmoj2rf13002xxk85dachrvmn,Alumni Coordinator,cmoj2rel7000cxk853lqi3z10,,,,,Create TaskTeamAssignment for team 'Alumni Coordinator' (old ownerRoleId=cmoj2rel7000cxk853lqi3z10)
cmoj2rf54004hxk85f3eevkbx,MKT-028,WhatsApp campaign,DROPPED,cmoj2rena0010xk85cuzrw5fp,cmoj2reqm002oxk85v8rq58a6,cmoj2rf13002xxk85dachrvmn,Marketing Head,cmoj2rejg0000xk85c5u73l07,,,,,Create TaskTeamAssignment for team 'Marketing Head' (old ownerRoleId=cmoj2rejg0000xk85c5u73l07)
cmoj2rf59004jxk85oxjmb7bo,MKT-029,Department-wise lead nurturing plan,DROPPED,cmoj2rena0010xk85cuzrw5fp,cmoj2reqm002oxk85v8rq58a6,cmoj2rf13002xxk85dachrvmn,Digital Marketing Lead,cmoj2rejq0001xk85ldeu4uzh,,,,,Create TaskTeamAssignment for team 'Digital Marketing Lead' (old ownerRoleId=cmoj2rejq0001xk85ldeu4uzh)
cmoj2rf5t004txk85yrue2130,MKT-034,Website traffic dashboard,DROPPED,cmoj2rena0010xk85cuzrw5fp,cmoj2reqm002oxk85v8rq58a6,cmoj2rf13002xxk85dachrvmn,Website Team,cmoj2rele000exk85cnzahhbw,,,,,Create TaskTeamAssignment for team 'Website Team' (old ownerRoleId=cmoj2rele000exk85cnzahhbw)
cmoj2rf66004zxk85cxq07n7z,MKT-037,New strategies adopted and impact report,DROPPED,cmoj2rena0010xk85cuzrw5fp,cmoj2reqm002oxk85v8rq58a6,cmoj2rf13002xxk85dachrvmn,Digital Marketing Lead,cmoj2rejq0001xk85ldeu4uzh,,,,,Create TaskTeamAssignment for team 'Digital Marketing Lead' (old ownerRoleId=cmoj2rejq0001xk85ldeu4uzh)
cmoj2rf6a0051xk85qvoaw48d,MKT-038,RCAS Rsmart non-CS strategy impact,DROPPED,cmoj2rena0010xk85cuzrw5fp,cmoj2reqm002oxk85v8rq58a6,cmoj2rf13002xxk85dachrvmn,Digital Marketing Lead,cmoj2rejq0001xk85ldeu4uzh,,,,,Create TaskTeamAssignment for team 'Digital Marketing Lead' (old ownerRoleId=cmoj2rejq0001xk85ldeu4uzh)
cmoj2rf6e0053xk85dezf0riu,MKT-039,School admissions digital strategy impact,DROPPED,cmoj2rena0010xk85cuzrw5fp,cmoj2reqm002oxk85v8rq58a6,cmoj2rf13002xxk85dachrvmn,School Team,cmoj2rel1000axk85favjg5po,,,,,Create TaskTeamAssignment for team 'School Team' (old ownerRoleId=cmoj2rel1000axk85favjg5po)
cmoj2rf6r0059xk85mzvr5tej,MKT-042,Retargeting ad dashboard,DROPPED,cmoj2rena0010xk85cuzrw5fp,cmoj2reqm002oxk85v8rq58a6,cmoj2rf13002xxk85dachrvmn,Digital Marketing Lead,cmoj2rejq0001xk85ldeu4uzh,,,,,Create TaskTeamAssignment for team 'Digital Marketing Lead' (old ownerRoleId=cmoj2rejq0001xk85ldeu4uzh)
cmoj2rf6w005bxk85g9hcrkmc,RTC-001,Department-wise RAALE implementation review,DROPPED,cmoj2renh0011xk85ij9xbfhe,cmoj2reqm002oxk85v8rq58a6,cmoj2rf13002xxk85dachrvmn,RTC Head,cmoj2rell000gxk859tkogzrk,,,,,Create TaskTeamAssignment for team 'RTC Head' (old ownerRoleId=cmoj2rell000gxk859tkogzrk)
cmoj2rf78005hxk85t4gxqg1i,RTC-004,Engagement activities calendar,DROPPED,cmoj2renh0011xk85ij9xbfhe,cmoj2reqq002pxk85srkt5qsy,cmoj2rf13002xxk85dachrvmn,Student Affairs,cmoj2relu000jxk85u14s3336,,,,,Create TaskTeamAssignment for team 'Student Affairs' (old ownerRoleId=cmoj2relu000jxk85u14s3336)
cmoj2rf7c005jxk851ktrk6he,RTC-005,Wow factor — certifications and appreciation model,DROPPED,cmoj2renh0011xk85ij9xbfhe,cmoj2reqm002oxk85v8rq58a6,cmoj2rf13002xxk85dachrvmn,RTC Head,cmoj2rell000gxk859tkogzrk,,,,,Create TaskTeamAssignment for team 'RTC Head' (old ownerRoleId=cmoj2rell000gxk859tkogzrk)
cmoj2rf7r005pxk85s2nvj1bj,RTC-008,Faculty / team recruitment,DROPPED,cmoj2renh0011xk85ij9xbfhe,cmoj2reqm002oxk85v8rq58a6,cmoj2rf13002xxk85dachrvmn,HR,cmoj2remz000xxk851e6l7vit,,,,,Create TaskTeamAssignment for team 'HR' (old ownerRoleId=cmoj2remz000xxk851e6l7vit)
cmoj2rf7v005rxk853uaqxdxw,RTC-009,Research proposal and publication progress,DROPPED,cmoj2renh0011xk85ij9xbfhe,cmoj2reqq002pxk85srkt5qsy,cmoj2rf13002xxk85dachrvmn,Research Team,cmoj2rem0000lxk85zqb70g7r,,,,,Create TaskTeamAssignment for team 'Research Team' (old ownerRoleId=cmoj2rem0000lxk85zqb70g7r)
cmoj2rf8j005xxk85ntclqmzr,RTC-012,RFabX revenue report,DROPPED,cmoj2renh0011xk85ij9xbfhe,cmoj2reqq002pxk85srkt5qsy,cmoj2rf13002xxk85dachrvmn,RFabX Lead,cmoj2rem6000nxk85q35keory,,,,,Create TaskTeamAssignment for team 'RFabX Lead' (old ownerRoleId=cmoj2rem6000nxk85q35keory)
cmoj2rf8n005zxk8503mihl5b,RTC-013,NASA program progress,DROPPED,cmoj2renh0011xk85ij9xbfhe,cmoj2reqq002pxk85srkt5qsy,cmoj2rf13002xxk85dachrvmn,RTC Coordinator,cmoj2relo000hxk85wb6qirbf,,,,,Create TaskTeamAssignment for team 'RTC Coordinator' (old ownerRoleId=cmoj2relo000hxk85wb6qirbf)
cmoj2rf930067xk85kohi4jd8,PLC-002,Team-wise KPI report,DROPPED,cmoj2renl0012xk85vwlmtkom,cmoj2reqm002oxk85v8rq58a6,cmoj2rf13002xxk85dachrvmn,Placement Head,cmoj2rem9000oxk85i9jkdaor,,,,,Create TaskTeamAssignment for team 'Placement Head' (old ownerRoleId=cmoj2rem9000oxk85i9jkdaor)
cmoj2rf970069xk85d4pycyw9,PLC-003,Monthly placement calendar (visits + training),DROPPED,cmoj2renl0012xk85vwlmtkom,cmoj2reqm002oxk85v8rq58a6,cmoj2rf13002xxk85dachrvmn,Placement Head,cmoj2rem9000oxk85i9jkdaor,,,,,Create TaskTeamAssignment for team 'Placement Head' (old ownerRoleId=cmoj2rem9000oxk85i9jkdaor)
cmoj2rf9j006fxk85claw34n2,PLC-006,Commitment letter tracking,DROPPED,cmoj2renl0012xk85vwlmtkom,cmoj2reqq002pxk85srkt5qsy,cmoj2rf13002xxk85dachrvmn,Placement Head,cmoj2rem9000oxk85i9jkdaor,,,,,Create TaskTeamAssignment for team 'Placement Head' (old ownerRoleId=cmoj2rem9000oxk85i9jkdaor)
cmoj2rf9n006hxk85ozjsb0m8,PLC-007,Placement team recruitment,DROPPED,cmoj2renl0012xk85vwlmtkom,cmoj2reqm002oxk85v8rq58a6,cmoj2rf13002xxk85dachrvmn,HR,cmoj2remz000xxk851e6l7vit,,,,,Create TaskTeamAssignment for team 'HR' (old ownerRoleId=cmoj2remz000xxk851e6l7vit)
cmoj2rfa0006nxk85dyiqkooo,AIC-002,Incubation event calendar,DROPPED,cmoj2renn0013xk857ix3cstf,cmoj2reqq002pxk85srkt5qsy,cmoj2rf13002xxk85dachrvmn,AIC Team,cmoj2reml000sxk85ey2klh5g,,,,,Create TaskTeamAssignment for team 'AIC Team' (old ownerRoleId=cmoj2reml000sxk85ey2klh5g)
cmoj2rfa4006pxk85309vyutn,AIC-003,Investor connect and tracking,DROPPED,cmoj2renn0013xk857ix3cstf,cmoj2reqm002oxk85v8rq58a6,cmoj2rf13002xxk85dachrvmn,Pradeepraj,cmoj2remi000rxk85875wfzaz,,,,,Create TaskTeamAssignment for team 'Pradeepraj' (old ownerRoleId=cmoj2remi000rxk85875wfzaz)
cmoj2rfag006vxk85j3u1amd9,AIC-006,Venture Studio model,DROPPED,cmoj2renn0013xk857ix3cstf,cmoj2reqm002oxk85v8rq58a6,cmoj2rf13002xxk85dachrvmn,Pradeepraj,cmoj2remi000rxk85875wfzaz,,,,,Create TaskTeamAssignment for team 'Pradeepraj' (old ownerRoleId=cmoj2remi000rxk85875wfzaz)
cmoj2rfat006xxk85zto6zx8w,AIC-007,Consolidated AIC RAISE dashboard,DROPPED,cmoj2renn0013xk857ix3cstf,cmoj2reqm002oxk85v8rq58a6,cmoj2rf13002xxk85dachrvmn,Senior Manager,cmoj2ren2000yxk85nm65jskt,,,,,Create TaskTeamAssignment for team 'Senior Manager' (old ownerRoleId=cmoj2ren2000yxk85nm65jskt)
cmoj2rfb50073xk85bx8vq010,RGU-002,RGU launch plan,DROPPED,cmoj2renr0014xk8560p00ufi,cmoj2reqm002oxk85v8rq58a6,cmoj2rf13002xxk85dachrvmn,RGU Core Team,cmoj2remr000uxk85z25w3yls,,,,,Create TaskTeamAssignment for team 'RGU Core Team' (old ownerRoleId=cmoj2remr000uxk85z25w3yls)
cmoj2rfb90075xk85u0uzxzuj,RGU-003,RGU team recruitment,DROPPED,cmoj2renr0014xk8560p00ufi,cmoj2reqm002oxk85v8rq58a6,cmoj2rf13002xxk85dachrvmn,HR,cmoj2remz000xxk851e6l7vit,,,,,Create TaskTeamAssignment for team 'HR' (old ownerRoleId=cmoj2remz000xxk851e6l7vit)
cmoj2rfbd0077xk85okt6e4p6,RGU-004,Organisational setup planning,DROPPED,cmoj2renr0014xk8560p00ufi,cmoj2reqm002oxk85v8rq58a6,cmoj2rf13002xxk85dachrvmn,RGU Lead,cmoj2remu000vxk85yuggo8sm,,,,,Create TaskTeamAssignment for team 'RGU Lead' (old ownerRoleId=cmoj2remu000vxk85yuggo8sm)
cmoj2rfbq007dxk85qyy9fw71,RGU-007,Individual school training plan,DROPPED,cmoj2renr0014xk8560p00ufi,cmoj2reqm002oxk85v8rq58a6,cmoj2rf13002xxk85dachrvmn,Academic Head,cmoj2remx000wxk85w6hm0dp2,,,,,Create TaskTeamAssignment for team 'Academic Head' (old ownerRoleId=cmoj2remx000wxk85w6hm0dp2)
cmoj2rfbu007fxk85h0y4vwoz,RGU-008,Faculty handbooks (draft + final),DROPPED,cmoj2renr0014xk8560p00ufi,cmoj2reqm002oxk85v8rq58a6,cmoj2rf13002xxk85dachrvmn,Academic Team,cmoj2relr000ixk85kn3hysxs,,,,,Create TaskTeamAssignment for team 'Academic Team' (old ownerRoleId=cmoj2relr000ixk85kn3hysxs)
cmoj2rf5h004nxk85w5gfjbzw,MKT-031,High and low performing ads review,DROPPED,cmoj2rena0010xk85cuzrw5fp,cmoj2reqm002oxk85v8rq58a6,cmoj2rf13002xxk85dachrvmn,Digital Marketing Lead,cmoj2rejq0001xk85ldeu4uzh,,,,,Create TaskTeamAssignment for team 'Digital Marketing Lead' (old ownerRoleId=cmoj2rejq0001xk85ldeu4uzh)
cmoj2rf5l004pxk85z2pmubqt,MKT-032,Lead nurturing plan,DROPPED,cmoj2rena0010xk85cuzrw5fp,cmoj2reqm002oxk85v8rq58a6,cmoj2rf13002xxk85dachrvmn,CRM Team,cmoj2rekv0008xk85au7zhlcu,,,,,Create TaskTeamAssignment for team 'CRM Team' (old ownerRoleId=cmoj2rekv0008xk85au7zhlcu)
cmoj2rf5y004vxk85j13tskgn,MKT-035,Influencer dashboard,DROPPED,cmoj2rena0010xk85cuzrw5fp,cmoj2reqq002pxk85srkt5qsy,cmoj2rf13002xxk85dachrvmn,Influencer Coordinator,cmoj2relb000dxk85hrp0w8ew,,,,,Create TaskTeamAssignment for team 'Influencer Coordinator' (old ownerRoleId=cmoj2relb000dxk85hrp0w8ew)
cmoj2rf62004xxk85970hpin9,MKT-036,"Google and Meta ad review (CPL, CTR, conversion)",DROPPED,cmoj2rena0010xk85cuzrw5fp,cmoj2reqm002oxk85v8rq58a6,cmoj2rf13002xxk85dachrvmn,Digital Marketing Lead,cmoj2rejq0001xk85ldeu4uzh,,,,,Create TaskTeamAssignment for team 'Digital Marketing Lead' (old ownerRoleId=cmoj2rejq0001xk85ldeu4uzh)
cmoj2rf6i0055xk85dsf5jthm,MKT-040,RYH dashboard,DROPPED,cmoj2rena0010xk85cuzrw5fp,cmoj2reqq002pxk85srkt5qsy,cmoj2rf13002xxk85dachrvmn,Digital Marketing Lead,cmoj2rejq0001xk85ldeu4uzh,,,,,Create TaskTeamAssignment for team 'Digital Marketing Lead' (old ownerRoleId=cmoj2rejq0001xk85ldeu4uzh)
cmoj2rf6m0057xk85a0911n93,MKT-041,Digital budget review,DROPPED,cmoj2rena0010xk85cuzrw5fp,cmoj2reqm002oxk85v8rq58a6,cmoj2rf13002xxk85dachrvmn,Accounts,cmoj2rekz0009xk85ahoq1eb8,,,,,Create TaskTeamAssignment for team 'Accounts' (old ownerRoleId=cmoj2rekz0009xk85ahoq1eb8)
cmoj2rf70005dxk85bx26ggqx,RTC-002,Student growth card implementation,DROPPED,cmoj2renh0011xk85ij9xbfhe,cmoj2reqm002oxk85v8rq58a6,cmoj2rf13002xxk85dachrvmn,Academic Team,cmoj2relr000ixk85kn3hysxs,,,,,Create TaskTeamAssignment for team 'Academic Team' (old ownerRoleId=cmoj2relr000ixk85kn3hysxs)
cmoj2rf74005fxk85i21q9f93,RTC-003,RTC budget plan and utilization,DROPPED,cmoj2renh0011xk85ij9xbfhe,cmoj2reqq002pxk85srkt5qsy,cmoj2rf13002xxk85dachrvmn,Accounts,cmoj2rekz0009xk85ahoq1eb8,,,,,Create TaskTeamAssignment for team 'Accounts' (old ownerRoleId=cmoj2rekz0009xk85ahoq1eb8)
cmoj2rf7g005lxk85flgmwwrb,RTC-006,CoE Hub immersion and progress,DROPPED,cmoj2renh0011xk85ij9xbfhe,cmoj2reqm002oxk85v8rq58a6,cmoj2rf13002xxk85dachrvmn,CoE Team,cmoj2relx000kxk85gyr6w8bh,,,,,Create TaskTeamAssignment for team 'CoE Team' (old ownerRoleId=cmoj2relx000kxk85gyr6w8bh)
cmoj2rf7m005nxk85h985pwih,RTC-007,AI coach learning model,DROPPED,cmoj2renh0011xk85ij9xbfhe,cmoj2reqq002pxk85srkt5qsy,cmoj2rf13002xxk85dachrvmn,RTC Head,cmoj2rell000gxk859tkogzrk,,,,,Create TaskTeamAssignment for team 'RTC Head' (old ownerRoleId=cmoj2rell000gxk859tkogzrk)
cmoj2rf7z005txk85fmvi11bd,RTC-010,Ranking submission progress,DROPPED,cmoj2renh0011xk85ij9xbfhe,cmoj2reqq002pxk85srkt5qsy,cmoj2rf13002xxk85dachrvmn,Ranking Team,cmoj2rem3000mxk8510mbhfxk,,,,,Create TaskTeamAssignment for team 'Ranking Team' (old ownerRoleId=cmoj2rem3000mxk8510mbhfxk)
cmoj2rf83005vxk85h1vrx5kj,RTC-011,Hackathons participation and output,DROPPED,cmoj2renh0011xk85ij9xbfhe,cmoj2reqq002pxk85srkt5qsy,cmoj2rf13002xxk85dachrvmn,CoE Team,cmoj2relx000kxk85gyr6w8bh,,,,,Create TaskTeamAssignment for team 'CoE Team' (old ownerRoleId=cmoj2relx000kxk85gyr6w8bh)
cmoj2rf8q0061xk85ge923izh,RTC-014,Student category list A/B/C/D segmentation,DROPPED,cmoj2renh0011xk85ij9xbfhe,cmoj2reqm002oxk85v8rq58a6,cmoj2rf13002xxk85dachrvmn,RTC Head,cmoj2rell000gxk859tkogzrk,,,,,Create TaskTeamAssignment for team 'RTC Head' (old ownerRoleId=cmoj2rell000gxk859tkogzrk)
cmoj2rf8v0063xk85p8v3xe4v,RTC-015,Consolidated RTC Dashboard,DROPPED,cmoj2renh0011xk85ij9xbfhe,cmoj2reqm002oxk85v8rq58a6,cmoj2rf13002xxk85dachrvmn,Senior Manager,cmoj2ren2000yxk85nm65jskt,,,,,Create TaskTeamAssignment for team 'Senior Manager' (old ownerRoleId=cmoj2ren2000yxk85nm65jskt)
cmoj2rf8z0065xk85dejog11i,PLC-001,Placement dashboard (overall status),DROPPED,cmoj2renl0012xk85vwlmtkom,cmoj2reqm002oxk85v8rq58a6,cmoj2rf13002xxk85dachrvmn,Placement Head,cmoj2rem9000oxk85i9jkdaor,,,,,Create TaskTeamAssignment for team 'Placement Head' (old ownerRoleId=cmoj2rem9000oxk85i9jkdaor)
cmoj2rf9b006bxk859tqnab90,PLC-004,Two-digit target — quality company conversion,DROPPED,cmoj2renl0012xk85vwlmtkom,cmoj2reqm002oxk85v8rq58a6,cmoj2rf13002xxk85dachrvmn,Placement Head,cmoj2rem9000oxk85i9jkdaor,,,,,Create TaskTeamAssignment for team 'Placement Head' (old ownerRoleId=cmoj2rem9000oxk85i9jkdaor)
cmoj2rf9g006dxk85m3xma1o4,PLC-005,Training effectiveness — student improvement report,DROPPED,cmoj2renl0012xk85vwlmtkom,cmoj2reqm002oxk85v8rq58a6,cmoj2rf13002xxk85dachrvmn,Training Head,cmoj2remc000pxk8521yejp9u,,,,,Create TaskTeamAssignment for team 'Training Head' (old ownerRoleId=cmoj2remc000pxk8521yejp9u)
cmoj2rf9s006jxk85poj7oad7,PLC-008,Benchmarking comparison with other institutes,DROPPED,cmoj2renl0012xk85vwlmtkom,cmoj2reqq002pxk85srkt5qsy,cmoj2rf13002xxk85dachrvmn,Placement Strategy Team,cmoj2remf000qxk85378cc2mo,,,,,Create TaskTeamAssignment for team 'Placement Strategy Team' (old ownerRoleId=cmoj2remf000qxk85378cc2mo)
cmoj2rf9w006lxk85gjk1tvw8,AIC-001,Revenue model and proposal,DROPPED,cmoj2renn0013xk857ix3cstf,cmoj2reqm002oxk85v8rq58a6,cmoj2rf13002xxk85dachrvmn,Pradeepraj,cmoj2remi000rxk85875wfzaz,,,,,Create TaskTeamAssignment for team 'Pradeepraj' (old ownerRoleId=cmoj2remi000rxk85875wfzaz)
cmoj2rfa8006rxk85ad087ahj,AIC-004,New schemes application tracker,DROPPED,cmoj2renn0013xk857ix3cstf,cmoj2reqq002pxk85srkt5qsy,cmoj2rf13002xxk85dachrvmn,AIC Team,cmoj2reml000sxk85ey2klh5g,,,,,Create TaskTeamAssignment for team 'AIC Team' (old ownerRoleId=cmoj2reml000sxk85ey2klh5g)
cmoj2rfab006txk8556h6io5w,AIC-005,Concept note / proposal documents,DROPPED,cmoj2renn0013xk857ix3cstf,cmoj2reqm002oxk85v8rq58a6,cmoj2rf13002xxk85dachrvmn,Pradeepraj,cmoj2remi000rxk85875wfzaz,,,,,Create TaskTeamAssignment for team 'Pradeepraj' (old ownerRoleId=cmoj2remi000rxk85875wfzaz)
cmoj2rfay006zxk85dqkqhja6,AIC-008,TEDx event execution plan,DROPPED,cmoj2renn0013xk857ix3cstf,cmoj2reqq002pxk85srkt5qsy,cmoj2rf13002xxk85dachrvmn,Event Lead,cmoj2remo000txk85sap1xuam,,,,,Create TaskTeamAssignment for team 'Event Lead' (old ownerRoleId=cmoj2remo000txk85sap1xuam)
cmoj2rfb10071xk857e4i3yo1,RGU-001,RGU prelaunch roadmap,DROPPED,cmoj2renr0014xk8560p00ufi,cmoj2reqm002oxk85v8rq58a6,cmoj2rf13002xxk85dachrvmn,RGU Core Team,cmoj2remr000uxk85z25w3yls,,,,,Create TaskTeamAssignment for team 'RGU Core Team' (old ownerRoleId=cmoj2remr000uxk85z25w3yls)
cmoj2rfbh0079xk85zec0v8m8,RGU-005,Pride moments and change adoption strategy,DROPPED,cmoj2renr0014xk8560p00ufi,cmoj2reqm002oxk85v8rq58a6,cmoj2rf13002xxk85dachrvmn,RGU Lead,cmoj2remu000vxk85yuggo8sm,,,,,Create TaskTeamAssignment for team 'RGU Lead' (old ownerRoleId=cmoj2remu000vxk85yuggo8sm)
cmoj2rfbl007bxk85smdexoy7,RGU-006,Global Skill Passport framework,DROPPED,cmoj2renr0014xk8560p00ufi,cmoj2reqm002oxk85v8rq58a6,cmoj2rf13002xxk85dachrvmn,Academic Head,cmoj2remx000wxk85w6hm0dp2,,,,,Create TaskTeamAssignment for team 'Academic Head' (old ownerRoleId=cmoj2remx000wxk85w6hm0dp2)
cmok2zxyw0030p2zx8woiygko,RGU-014,Kit for IT employees,WAITING_FOR_APPROVAL,cmoj2rena0010xk85cuzrw5fp,cmoj2reqs002qxk85b5tuberg,cmoj2rf13002xxk85dachrvmn,Pandi Elavarasan,cmq7njicv002nnlrejd4j6jq9,,,,,Create TaskTeamAssignment for team 'Pandi Elavarasan' (old ownerRoleId=cmq7njicv002nnlrejd4j6jq9)
cmol467yz008elltvjj75mv3k,MKT-061,Career Path in Fashion,NOT_STARTED,cmoj2rena0010xk85cuzrw5fp,cmoj2reqq002pxk85srkt5qsy,cmoj2rf13002xxk85dachrvmn,Aruna,cmq7p21qb008enlrehdxysiwb,,,,,Create TaskTeamAssignment for team 'Aruna' (old ownerRoleId=cmq7p21qb008enlrehdxysiwb)
cmokzhm2c000954jt2as9x713,MKT-045,Reel and Webinar sent to biology students in Raw data campaign,COMPLETED,cmoj2rena0010xk85cuzrw5fp,cmoj2reqm002oxk85v8rq58a6,cmoj2rf13002xxk85dachrvmn,Pandi Elavarasan,cmq7njicv002nnlrejd4j6jq9,,,,,Create TaskTeamAssignment for team 'Pandi Elavarasan' (old ownerRoleId=cmq7njicv002nnlrejd4j6jq9)
cmojmehr10003p2zxmb92v3uv,RGU-009,HBS Learning Review,DROPPED,cmoj2renr0014xk8560p00ufi,cmoj2reqm002oxk85v8rq58a6,cmoj2rf13002xxk85dachrvmn,Academic Head,cmoj2remx000wxk85w6hm0dp2,,,,,Create TaskTeamAssignment for team 'Academic Head' (old ownerRoleId=cmoj2remx000wxk85w6hm0dp2)
cmq7r4xqq00d8nlreltdhfpeh,RSH-001,Research Board Meeting,NOT_STARTED,cmq7r3jvy00d2nlrev76jr1jz,cmoj2reqs002qxk85b5tuberg,cmoj2reur002txk85m6ya4byh,Sabareesh,cmq7r2f1p00d1nlrep4edud52,,,,,Create TaskTeamAssignment for team 'Sabareesh' (old ownerRoleId=cmq7r2f1p00d1nlrep4edud52)
cmpfah9m10026zj6st3ss4wnd,RGU-057,VIP Guest List,COMPLETED,cmoj2renr0014xk8560p00ufi,cmoj2reqm002oxk85v8rq58a6,cmoj2rf13002xxk85dachrvmn,RTC Head,cmoj2rell000gxk859tkogzrk,,,,,Create TaskTeamAssignment for team 'RTC Head' (old ownerRoleId=cmoj2rell000gxk859tkogzrk)
cmpfai432002hzj6sqi6tnypw,RGU-058,Chief Guest,COMPLETED,cmoj2renr0014xk8560p00ufi,cmoj2reqm002oxk85v8rq58a6,cmoj2rf13002xxk85dachrvmn,RTC Head,cmoj2rell000gxk859tkogzrk,,,,,Create TaskTeamAssignment for team 'RTC Head' (old ownerRoleId=cmoj2rell000gxk859tkogzrk)
cmq7naffz002dnlreb7zuqr4s,MKT-101,"Increase lead generation for RPET,RSAT",NOT_STARTED,cmoj2rena0010xk85cuzrw5fp,cmoj2reqq002pxk85srkt5qsy,cmoj2rf13002xxk85dachrvmn,Meghala,cmq7niwjj002mnlreu3l0t5tp,,,,,Create TaskTeamAssignment for team 'Meghala' (old ownerRoleId=cmq7niwjj002mnlreu3l0t5tp)
cmpfaizbs002szj6s4b9a2bnt,RGU-059,Commitment Card,COMPLETED,cmoj2renr0014xk8560p00ufi,cmoj2reqm002oxk85v8rq58a6,cmoj2rf13002xxk85dachrvmn,RTC Head,cmoj2rell000gxk859tkogzrk,,,,,Create TaskTeamAssignment for team 'RTC Head' (old ownerRoleId=cmoj2rell000gxk859tkogzrk)
cmpv3cc1p0002zsl63cvbi0he,SSP-001,MBA Brochure,IN_PROGRESS,cmoj2rent0015xk85js8spr5y,cmoj2reqm002oxk85v8rq58a6,cmoj2rf13002xxk85dachrvmn,Arunraaj Manickaraj,cmq7ntatd003snlre4m1hjjtw,,,,,Create TaskTeamAssignment for team 'Arunraaj Manickaraj' (old ownerRoleId=cmq7ntatd003snlre4m1hjjtw)
cmpfak7bx0033zj6sqzxymmad,RGU-060,School Video Launching,COMPLETED,cmoj2renr0014xk8560p00ufi,cmoj2reqm002oxk85v8rq58a6,cmoj2rf13002xxk85dachrvmn,RTC Head,cmoj2rell000gxk859tkogzrk,,,,,Create TaskTeamAssignment for team 'RTC Head' (old ownerRoleId=cmoj2rell000gxk859tkogzrk)
cmpfal5g6003ezj6shbl1fc0j,RGU-061,School Video Launching,COMPLETED,cmoj2renr0014xk8560p00ufi,cmoj2reqm002oxk85v8rq58a6,cmoj2rf13002xxk85dachrvmn,RTC Head,cmoj2rell000gxk859tkogzrk,,,,,Create TaskTeamAssignment for team 'RTC Head' (old ownerRoleId=cmoj2rell000gxk859tkogzrk)
cmpfbvuqj003pzj6sjlpsmy1v,RGU-062,Self Booth Completed,COMPLETED,cmoj2renr0014xk8560p00ufi,cmoj2reqm002oxk85v8rq58a6,cmoj2rf13002xxk85dachrvmn,RTC Head,cmoj2rell000gxk859tkogzrk,,,,,Create TaskTeamAssignment for team 'RTC Head' (old ownerRoleId=cmoj2rell000gxk859tkogzrk)
cmq584ycb001hnlrehrn5g1c1,MKT-098,Walkin Dashboard,NOT_STARTED,cmoj2rena0010xk85cuzrw5fp,cmoj2reqm002oxk85v8rq58a6,cmoj2rf13002xxk85dachrvmn,Meghala,cmq7niwjj002mnlreu3l0t5tp,,,,,Create TaskTeamAssignment for team 'Meghala' (old ownerRoleId=cmq7niwjj002mnlreu3l0t5tp)
cmq1zgucx000lnlrepx4yrq4i,RTC-019,AI assisted teaching,NOT_STARTED,cmoj2renh0011xk85ij9xbfhe,cmoj2reqm002oxk85v8rq58a6,cmoj2rf13002xxk85dachrvmn,Dr.Arun Kumar,cmq7nim27002lnlre2crctjbi,,,,,Create TaskTeamAssignment for team 'Dr.Arun Kumar' (old ownerRoleId=cmq7nim27002lnlre2crctjbi)
cmq7r6ib900dgnlreli5ui3zw,RGU-068,BBA Aviation Arivupattarai Plan,NOT_STARTED,cmoj2renr0014xk8560p00ufi,cmoj2reqm002oxk85v8rq58a6,cmoj2reur002txk85m6ya4byh,Dr.Krishnaraj,cmq7ndj28002jnlregrv2smp4,,,,,Create TaskTeamAssignment for team 'Dr.Krishnaraj' (old ownerRoleId=cmq7ndj28002jnlregrv2smp4)
cmq58c4kq001pnlres3zw0z7z,MKT-099,Bharathiyar university Data Dshboard,NOT_STARTED,cmoj2rena0010xk85cuzrw5fp,cmoj2reqm002oxk85v8rq58a6,cmoj2rf13002xxk85dachrvmn,Meghala,cmq7niwjj002mnlreu3l0t5tp,,,,,Create TaskTeamAssignment for team 'Meghala' (old ownerRoleId=cmq7niwjj002mnlreu3l0t5tp)
cmq2990eg000tnlreiiooserz,CRT-052,Chairman sir profile correction,NOT_STARTED,cmol6xe3q009dlltva235e6ag,cmoj2reqm002oxk85v8rq58a6,cmoj2rf13002xxk85dachrvmn,Team Leader,cmpkuzvfo0000113wydfe7xak,,,,,Create TaskTeamAssignment for team 'Team Leader' (old ownerRoleId=cmpkuzvfo0000113wydfe7xak)
cmphuxagz000apua17ulbl6vy,MKT-076,Campaign for Bharathiyar Universtiy Data,NOT_STARTED,cmoj2rena0010xk85cuzrw5fp,cmoj2reqq002pxk85srkt5qsy,cmoj2rf13002xxk85dachrvmn,Meghala,cmq7niwjj002mnlreu3l0t5tp,,,,,Create TaskTeamAssignment for team 'Meghala' (old ownerRoleId=cmq7niwjj002mnlreu3l0t5tp)
cmq58de2a001xnlreupd44uws,MKT-100,Alumni Scholarship,NOT_STARTED,cmoj2rena0010xk85cuzrw5fp,cmoj2reqm002oxk85v8rq58a6,cmoj2rf13002xxk85dachrvmn,Pandi Elavarasan,cmq7njicv002nnlrejd4j6jq9,,,,,Create TaskTeamAssignment for team 'Pandi Elavarasan' (old ownerRoleId=cmq7njicv002nnlrejd4j6jq9)
cmq57fwdb0011nlre6xctwu7g,RGU-066,"Scholarship Target English-25 , Maths and Physic -50  - Pandi, Ramesh",NOT_STARTED,cmoj2rena0010xk85cuzrw5fp,cmoj2reqm002oxk85v8rq58a6,cmoj2rf13002xxk85dachrvmn,Pandi Elavarasan,cmq7njicv002nnlrejd4j6jq9,,,,,Create TaskTeamAssignment for team 'Pandi Elavarasan' (old ownerRoleId=cmq7njicv002nnlrejd4j6jq9)
cmpfa2oat000izj6s6p58dzvq,RGU-052,Corporate & Academic Council Thank You Poster - Krishnaraj,DELAYED,cmoj2renr0014xk8560p00ufi,cmoj2reqq002pxk85srkt5qsy,cmoj2rf13002xxk85dachrvmn,RTC Head,cmoj2rell000gxk859tkogzrk,,,,,Create TaskTeamAssignment for team 'RTC Head' (old ownerRoleId=cmoj2rell000gxk859tkogzrk)
cmpryweht003to3hnyf1frf4e,MKT-095,Separate page for each school in RGU website  and fix deadlines,NOT_STARTED,cmoj2rena0010xk85cuzrw5fp,cmoj2reqq002pxk85srkt5qsy,cmoj2rf13002xxk85dachrvmn,Meghala,cmq7niwjj002mnlreu3l0t5tp,,,,,Create TaskTeamAssignment for team 'Meghala' (old ownerRoleId=cmq7niwjj002mnlreu3l0t5tp)
cmpryugsw003lo3hntfyj7ovp,MKT-094,"Consultant admission for SRIET,Viscom,CDF and 45L budget is available",NOT_STARTED,cmoj2rena0010xk85cuzrw5fp,cmoj2reqq002pxk85srkt5qsy,cmoj2rf13002xxk85dachrvmn,Pandi Elavarasan,cmq7njicv002nnlrejd4j6jq9,,,,,Create TaskTeamAssignment for team 'Pandi Elavarasan' (old ownerRoleId=cmq7njicv002nnlrejd4j6jq9)
cmpnlg6gb000to3hnewn024ck,MKT-082,Viscom sathish-School brochure(2),COMPLETED,cmoj2rena0010xk85cuzrw5fp,cmoj2reqm002oxk85v8rq58a6,cmoj2rf13002xxk85dachrvmn,Academic Head,cmoj2remx000wxk85w6hm0dp2,,,,,Create TaskTeamAssignment for team 'Academic Head' (old ownerRoleId=cmoj2remx000wxk85w6hm0dp2)
cmpry4i0f001ao3hnutxvgk18,MKT-084,Concession for High cutoff seats and whatsapp push,NOT_STARTED,cmoj2rena0010xk85cuzrw5fp,cmoj2reqm002oxk85v8rq58a6,cmoj2rf13002xxk85dachrvmn,Admission Manager,cmoj2rejx0003xk85byy6yh6g,,,,,Create TaskTeamAssignment for team 'Admission Manager' (old ownerRoleId=cmoj2rejx0003xk85byy6yh6g)
cmprysoa8003do3hn48t4lij2,MKT-093,Ad can be initiated for SRIET and some budget can be alloted,NOT_STARTED,cmoj2rena0010xk85cuzrw5fp,cmoj2reqq002pxk85srkt5qsy,cmoj2rf13002xxk85dachrvmn,Meghala,cmq7niwjj002mnlreu3l0t5tp,,,,,Create TaskTeamAssignment for team 'Meghala' (old ownerRoleId=cmq7niwjj002mnlreu3l0t5tp)
cmpnldm02000lo3hn4chmma33,MKT-081,posters for courses with less admission - pandi,NOT_STARTED,cmoj2rena0010xk85cuzrw5fp,cmoj2reqm002oxk85v8rq58a6,cmoj2rf13002xxk85dachrvmn,Pandi Elavarasan,cmq7njicv002nnlrejd4j6jq9,,,,,Create TaskTeamAssignment for team 'Pandi Elavarasan' (old ownerRoleId=cmq7njicv002nnlrejd4j6jq9)
cmphv4dle000ypua174r31sda,MKT-078,MBA Brochure - pandi,COMPLETED,cmoj2rena0010xk85cuzrw5fp,cmoj2reqq002pxk85srkt5qsy,cmoj2rf13002xxk85dachrvmn,Admission Manager,cmoj2rejx0003xk85byy6yh6g,,,,,Create TaskTeamAssignment for team 'Admission Manager' (old ownerRoleId=cmoj2rejx0003xk85byy6yh6g)
cmphv0uym000ipua1oq8ukdpv,MKT-077,Sir B.Com Video  Ad runnig  impact - meghala,COMPLETED,cmoj2rena0010xk85cuzrw5fp,cmoj2reqm002oxk85v8rq58a6,cmoj2rf13002xxk85dachrvmn,Marketing Head,cmoj2rejg0000xk85c5u73l07,,,,,Create TaskTeamAssignment for team 'Marketing Head' (old ownerRoleId=cmoj2rejg0000xk85c5u73l07)
cmphutio60002pua1o97gj4or,MKT-075,Zomato Ad  - meghala,COMPLETED,cmoj2rena0010xk85cuzrw5fp,cmoj2reqq002pxk85srkt5qsy,cmoj2rf13002xxk85dachrvmn,Marketing Head,cmoj2rejg0000xk85c5u73l07,,,,,Create TaskTeamAssignment for team 'Marketing Head' (old ownerRoleId=cmoj2rejg0000xk85c5u73l07)
cmpkqsfyr0018qefwnqsa8a2c,MKT-080,Daily status of Untouched leads,NOT_STARTED,cmoj2rena0010xk85cuzrw5fp,cmoj2reqm002oxk85v8rq58a6,cmoj2rf13002xxk85dachrvmn,Admission Manager,cmoj2rejx0003xk85byy6yh6g,,,,,Create TaskTeamAssignment for team 'Admission Manager' (old ownerRoleId=cmoj2rejx0003xk85byy6yh6g)
cmpfc2bu10058zj6s064iho1n,CRT-044,Water Bottle Branding,COMPLETED,cmol6xe3q009dlltva235e6ag,cmoj2reqm002oxk85v8rq58a6,cmoj2rf13002xxk85dachrvmn,Team Leader,cmpkuzvfo0000113wydfe7xak,,,,,Create TaskTeamAssignment for team 'Team Leader' (old ownerRoleId=cmpkuzvfo0000113wydfe7xak)
cmphv3006000qpua11czbfvsn,RGU-065,SIM Card Purchase - Ramesh,COMPLETED,cmoj2renr0014xk8560p00ufi,cmoj2reqm002oxk85v8rq58a6,cmoj2rf13002xxk85dachrvmn,Admission Manager,cmoj2rejx0003xk85byy6yh6g,,,,,Create TaskTeamAssignment for team 'Admission Manager' (old ownerRoleId=cmoj2rejx0003xk85byy6yh6g)
cmpryrktn0035o3hnf705olzi,MKT-092,Increase ad for MCA and promote MCA among RGU RSmart CSE Courses,NOT_STARTED,cmoj2rena0010xk85cuzrw5fp,cmoj2reqq002pxk85srkt5qsy,cmoj2rf13002xxk85dachrvmn,Meghala,cmq7niwjj002mnlreu3l0t5tp,,,,,Create TaskTeamAssignment for team 'Meghala' (old ownerRoleId=cmq7niwjj002mnlreu3l0t5tp)
cmpryqf1j002xo3hnuce4cxme,MKT-091,Increase admission for lateral entry,NOT_STARTED,cmoj2rena0010xk85cuzrw5fp,cmoj2reqq002pxk85srkt5qsy,cmoj2rf13002xxk85dachrvmn,Ramesh,cmq7nukyb003tnlreoronk4xt,,,,,Create TaskTeamAssignment for team 'Ramesh' (old ownerRoleId=cmq7nukyb003tnlreoronk4xt)
cmpryo5fv002eo3hnxrep0wy8,MKT-089,Sports quota can be given for MBA IEV,NOT_STARTED,cmoj2rena0010xk85cuzrw5fp,cmoj2reqq002pxk85srkt5qsy,cmoj2rf13002xxk85dachrvmn,Pandi Elavarasan,cmq7njicv002nnlrejd4j6jq9,,,,,Create TaskTeamAssignment for team 'Pandi Elavarasan' (old ownerRoleId=cmq7njicv002nnlrejd4j6jq9)
cmprymbb3001yo3hn22w5etc7,MKT-087,Ad initiation for Counselling Psychology and PGDM,NOT_STARTED,cmoj2rena0010xk85cuzrw5fp,cmoj2reqq002pxk85srkt5qsy,cmoj2rf13002xxk85dachrvmn,Meghala,cmq7niwjj002mnlreu3l0t5tp,,,,,Create TaskTeamAssignment for team 'Meghala' (old ownerRoleId=cmq7niwjj002mnlreu3l0t5tp)
cmprykt7x001qo3hn8p7h4nww,MKT-086,Pure B.Com with Integrated CA training (Target 200 seats),NOT_STARTED,cmoj2rena0010xk85cuzrw5fp,cmoj2reqq002pxk85srkt5qsy,cmoj2rf13002xxk85dachrvmn,Pandi Elavarasan,cmq7njicv002nnlrejd4j6jq9,,,,,Create TaskTeamAssignment for team 'Pandi Elavarasan' (old ownerRoleId=cmq7njicv002nnlrejd4j6jq9)
cmpryjcoj001io3hn8v7n13dn,MKT-085,Full seat concession for accountancy,NOT_STARTED,cmoj2rena0010xk85cuzrw5fp,cmoj2reqq002pxk85srkt5qsy,cmoj2rf13002xxk85dachrvmn,Pandi Elavarasan,cmq7njicv002nnlrejd4j6jq9,,,,,Create TaskTeamAssignment for team 'Pandi Elavarasan' (old ownerRoleId=cmq7njicv002nnlrejd4j6jq9)
cmprxwnx20012o3hnb5m39hy7,MKT-083,Post Admission Process to be reviewed,NOT_STARTED,cmoj2rena0010xk85cuzrw5fp,cmoj2reqq002pxk85srkt5qsy,cmoj2rf13002xxk85dachrvmn,Pandi Elavarasan,cmq7njicv002nnlrejd4j6jq9,,,,,Create TaskTeamAssignment for team 'Pandi Elavarasan' (old ownerRoleId=cmq7njicv002nnlrejd4j6jq9)
cmpurcb6w002dp8dt7yh2bsa0,PLC-010,RGU Placement SOP,NOT_STARTED,cmoj2renl0012xk85vwlmtkom,cmoj2reqq002pxk85srkt5qsy,cmoj2rf13002xxk85dachrvmn,Dr.Sivasubramaniam,cmq7offsd006anlre1tzmc5k1,,,,,Create TaskTeamAssignment for team 'Dr.Sivasubramaniam' (old ownerRoleId=cmq7offsd006anlre1tzmc5k1)
cmpuqw899001bp8dtudtx5te2,PLC-009,Entry of leads in the CRM & code generation for every company,NOT_STARTED,cmoj2renl0012xk85vwlmtkom,cmoj2reqq002pxk85srkt5qsy,cmoj2rf13002xxk85dachrvmn,Dr.Sivasubramaniam,cmq7offsd006anlre1tzmc5k1,,,,,Create TaskTeamAssignment for team 'Dr.Sivasubramaniam' (old ownerRoleId=cmq7offsd006anlre1tzmc5k1)
cmq7n8f510025nlre1w31hx79,RAALE-003,SOP for Growth card and Skill Passport,NOT_STARTED,cmps0oof80003heomf5urdcuh,cmoj2reqm002oxk85v8rq58a6,cmoj2rf13002xxk85dachrvmn,Dr.Arun Kumar,cmq7nim27002lnlre2crctjbi,,,,,Create TaskTeamAssignment for team 'Dr.Arun Kumar' (old ownerRoleId=cmq7nim27002lnlre2crctjbi)
cmq57h13a0019nlrejtmle83m,MKT-097,PGDM ad running - Meghala,NOT_STARTED,cmoj2rena0010xk85cuzrw5fp,cmoj2reqm002oxk85v8rq58a6,cmoj2rf13002xxk85dachrvmn,Meghala,cmq7niwjj002mnlreu3l0t5tp,,,,,Create TaskTeamAssignment for team 'Meghala' (old ownerRoleId=cmq7niwjj002mnlreu3l0t5tp)
cmq0vp5ie000anlrezeaf6fvx,RTC-018,Corporate Brochure,NOT_STARTED,cmoj2rena0010xk85cuzrw5fp,cmoj2reqm002oxk85v8rq58a6,cmoj2rf13002xxk85dachrvmn,Pandi Elavarasan,cmq7njicv002nnlrejd4j6jq9,,,,,Create TaskTeamAssignment for team 'Pandi Elavarasan' (old ownerRoleId=cmq7njicv002nnlrejd4j6jq9)
